# SQL Manager 2007 for MySQL 4.2.0.2
# ---------------------------------------
# Host     : localhost
# Port     : 3306
# Database : fincons


SET FOREIGN_KEY_CHECKS=0;

USE `fincons`;

#
# Structure for the `account_group` table : 
#

DROP TABLE IF EXISTS `account_group`;

CREATE TABLE `account_group` (
  `id` int(11) NOT NULL AUTO_INCREMENT,
  `name` varchar(200) DEFAULT NULL,
  PRIMARY KEY (`id`),
  UNIQUE KEY `name` (`name`),
  UNIQUE KEY `name_2` (`name`)
) ENGINE=InnoDB AUTO_INCREMENT=157 DEFAULT CHARSET=utf8;

#
# Structure for the `account_local` table : 
#

DROP TABLE IF EXISTS `account_local`;

CREATE TABLE `account_local` (
  `id` int(11) NOT NULL AUTO_INCREMENT,
  `account_group_id` int(11) DEFAULT NULL,
  `ax_account` int(11) DEFAULT NULL,
  `name` varchar(200) DEFAULT NULL,
  PRIMARY KEY (`id`),
  KEY `account_group_id` (`account_group_id`),
  CONSTRAINT `account_local_fk` FOREIGN KEY (`account_group_id`) REFERENCES `account_group` (`id`)
) ENGINE=InnoDB AUTO_INCREMENT=4100 DEFAULT CHARSET=utf8;

#
# Structure for the `admin_user` table : 
#

DROP TABLE IF EXISTS `admin_user`;

CREATE TABLE `admin_user` (
  `id` int(11) NOT NULL AUTO_INCREMENT,
  `username` varchar(128) COLLATE utf8_unicode_ci NOT NULL,
  `password` varchar(128) COLLATE utf8_unicode_ci NOT NULL,
  `email` varchar(128) COLLATE utf8_unicode_ci NOT NULL,
  `is_active` tinyint(1) DEFAULT NULL,
  PRIMARY KEY (`id`)
) ENGINE=InnoDB AUTO_INCREMENT=3 DEFAULT CHARSET=utf8 COLLATE=utf8_unicode_ci;

#
# Structure for the `currency` table : 
#

DROP TABLE IF EXISTS `currency`;

CREATE TABLE `currency` (
  `iso3` char(3) NOT NULL,
  PRIMARY KEY (`iso3`),
  UNIQUE KEY `iso3` (`iso3`)
) ENGINE=InnoDB DEFAULT CHARSET=utf8;

#
# Structure for the `company` table : 
#

DROP TABLE IF EXISTS `company`;

CREATE TABLE `company` (
  `id` int(11) NOT NULL AUTO_INCREMENT,
  `name` varchar(200) DEFAULT NULL,
  `currency_iso3` char(3) DEFAULT NULL,
  PRIMARY KEY (`id`),
  UNIQUE KEY `name` (`name`),
  KEY `currency_iso3` (`currency_iso3`),
  CONSTRAINT `company_fk` FOREIGN KEY (`currency_iso3`) REFERENCES `currency` (`iso3`)
) ENGINE=InnoDB AUTO_INCREMENT=37 DEFAULT CHARSET=utf8;

#
# Structure for the `admin_user_company` table : 
#

DROP TABLE IF EXISTS `admin_user_company`;

CREATE TABLE `admin_user_company` (
  `admin_user_id` int(11) NOT NULL,
  `company_id` int(11) NOT NULL,
  PRIMARY KEY (`admin_user_id`,`company_id`),
  KEY `admin_user_id` (`admin_user_id`),
  KEY `company_id` (`company_id`),
  CONSTRAINT `admin_user_company_fk` FOREIGN KEY (`admin_user_id`) REFERENCES `admin_user` (`id`),
  CONSTRAINT `admin_user_company_fk1` FOREIGN KEY (`company_id`) REFERENCES `company` (`id`)
) ENGINE=InnoDB DEFAULT CHARSET=utf8;

#
# Structure for the `import` table : 
#

DROP TABLE IF EXISTS `import`;

CREATE TABLE `import` (
  `ax_account` int(11) NOT NULL DEFAULT '0',
  `accountname` varchar(500) DEFAULT NULL,
  `MAPPING` varchar(500) DEFAULT NULL,
  PRIMARY KEY (`ax_account`)
) ENGINE=InnoDB DEFAULT CHARSET=utf8;

#
# Structure for the `reporting_period` table : 
#

DROP TABLE IF EXISTS `reporting_period`;

CREATE TABLE `reporting_period` (
  `id` int(11) NOT NULL AUTO_INCREMENT,
  `description` varchar(200) DEFAULT NULL,
  PRIMARY KEY (`id`)
) ENGINE=InnoDB AUTO_INCREMENT=6 DEFAULT CHARSET=utf8;

#
# Structure for the `trial_balance` table : 
#

DROP TABLE IF EXISTS `trial_balance`;

CREATE TABLE `trial_balance` (
  `id` int(11) NOT NULL AUTO_INCREMENT,
  `account_local_id` int(11) DEFAULT NULL,
  `amount` decimal(11,4) DEFAULT NULL,
  `reporting_period_id` int(11) DEFAULT NULL,
  PRIMARY KEY (`id`),
  KEY `reporting_period_id` (`reporting_period_id`),
  KEY `account_local_id` (`account_local_id`),
  CONSTRAINT `trial_balance_fk` FOREIGN KEY (`reporting_period_id`) REFERENCES `reporting_period` (`id`),
  CONSTRAINT `trial_balance_fk1` FOREIGN KEY (`account_local_id`) REFERENCES `account_local` (`id`)
) ENGINE=InnoDB DEFAULT CHARSET=utf8;

#
# Data for the `account_group` table  (LIMIT 0,500)
#

INSERT INTO `account_group` (`id`, `name`) VALUES 
  (23,NULL),
  (116,'Accrued income'),
  (39,'Administration\r'),
  (100,'Affiliated undertakings\r'),
  (119,'Affiliated undertakings liability\r'),
  (71,'Amortisation of brand name\r'),
  (70,'Amortisation of customer contracts\r'),
  (67,'Amortisation of development costs\r'),
  (68,'Amortisation of formation expenses\r'),
  (66,'Amortisation of goodwill\r'),
  (72,'Amortisation of know-how\r'),
  (85,'Amortisation of loan fees\r'),
  (73,'Amortisation of other intangible assets\r'),
  (69,'Amortisation of software\r'),
  (54,'Audit fees \r'),
  (56,'Bad debt provision\r'),
  (83,'Bank charges\r'),
  (84,'Bank commitment fees\r'),
  (79,'Bank interest\r'),
  (132,'Bank loan\r'),
  (63,'Bod fees\r'),
  (149,'Bonus accrual\r'),
  (45,'Bonus expense\r'),
  (102,'Brand name\r'),
  (37,'Capitalised other costs\r'),
  (36,'Capitalised professional fees\r'),
  (38,'Capitalised salary\r'),
  (106,'Cars\r'),
  (123,'Cash and bank\r'),
  (16,'Connectivity\r'),
  (42,'Connectivity -direct costs\r'),
  (89,'Corporate tax\r'),
  (130,'Corporate tax liability\r'),
  (111,'CPEC\r'),
  (126,'Currency translation reserve\r'),
  (99,'Customer contracts\r'),
  (3,'DCH\r'),
  (4,'DCH - accrued\r'),
  (33,'DCH - direct costs\r'),
  (143,'Deferred income\r'),
  (151,'Deferred tax asset\r'),
  (120,'Deferred tax liability\r'),
  (90,'Deferred taxes\r'),
  (109,'Deposits\r'),
  (76,'Depreciation of cars\r'),
  (77,'Depreciation of fixtures and equipments\r'),
  (75,'Depreciation of hardware\r'),
  (78,'Depreciation of leasehold improvements\r'),
  (95,'Development\r'),
  (96,'Development WIP\r'),
  (86,'Dividends received/delcared\r'),
  (14,'End2End\r'),
  (88,'Exceptional items\r'),
  (6,'FCH\r'),
  (8,'FCH - acccrued\r'),
  (35,'FCH - direct costs\r'),
  (81,'Financial expenses\r'),
  (107,'Fixtures and equipment\r'),
  (87,'Forex net\r'),
  (97,'Formation expenses\r'),
  (55,'Gain/loss on disposal \r'),
  (1,'General accruals\r'),
  (153,'General reserves\r'),
  (93,'Goodwill\r'),
  (101,'Goodwill and customer contracts\r'),
  (105,'Hardware\r'),
  (155,'Hedge Reserve\r'),
  (146,'Holliday accruals\r'),
  (46,'Holliday accruals expense\r'),
  (74,'Impairment expense on inv/goodwill\r'),
  (104,'Impairment on investments\r'),
  (53,'Insurance \r'),
  (34,'Intercompany interest\r'),
  (80,'Intercompany interest PEC/CPEC\r'),
  (133,'Intercompany loan\r'),
  (24,'Intercompany PL\r'),
  (121,'Intercompany wpr III level \r'),
  (138,'Interest accrual\r'),
  (82,'Interest on bank loan\r'),
  (26,'Interfact\r'),
  (27,'Interfact -accrued\r'),
  (110,'Investments\r'),
  (57,'IT & Tele costs\r'),
  (103,'Know how\r'),
  (30,'L2O - accrued\r'),
  (59,'Lease and rent expense\r'),
  (108,'Leasehold improvements\r'),
  (61,'Legal fees\r'),
  (29,'Link2One\r'),
  (131,'Long term indebtedness\r'),
  (9,'Mach SMS\r'),
  (11,'Mach SMS - accrued\r'),
  (65,'Marketing\r'),
  (17,'MCS\r'),
  (18,'MCS - accrued\r'),
  (156,'Minority interest\r'),
  (154,'Minority interest PL\r'),
  (58,'Office costs\r'),
  (94,'Other intangible assets\r'),
  (136,'Other long term payables\r'),
  (122,'Other long term receivables\r'),
  (127,'Other provisions\r'),
  (113,'Other receivables\r'),
  (49,'Other staff costs\r'),
  (91,'Other taxes\r'),
  (112,'PEC\r'),
  (52,'Penalties and Fines\r'),
  (137,'Prepaid loan costs\r'),
  (114,'Prepayments\r'),
  (60,'Professional fees\r'),
  (20,'Progrator Gatetrade\r'),
  (21,'Progrator Gatetrade -accrued\r'),
  (40,'Progrator Gatetrade -direct costs\r'),
  (5,'Provision - credit notes DCH\r'),
  (7,'Provision - credit notes FCH\r'),
  (22,'Provision - credit notes Gatetrade\r'),
  (10,'Provision - credit notes SMS\r'),
  (31,'Provision credit notes - L2O\r'),
  (19,'Provision credit notes - MCS\r'),
  (28,'Provision credit notes Interfact\r'),
  (117,'Provision for bad debts\r'),
  (118,'Provision for credit notes\r'),
  (128,'Provision litigations\r'),
  (129,'Provision Potential price reductions\r'),
  (115,'Receivable\r'),
  (50,'Recruitment fees\r'),
  (125,'Retained earnings\r'),
  (2,'Revenue\r'),
  (12,'RSB\r'),
  (13,'RSB - accrued\r'),
  (43,'RSB - direct costs\r'),
  (147,'Salary payable\r'),
  (148,'Sales commission accrual\r'),
  (48,'Sales commission expense\r'),
  (124,'Share capital\r'),
  (134,'Shareholder loan\r'),
  (135,'Shareholder loan interest\r'),
  (51,'Shipment and postage\r'),
  (140,'Short term indebtedness\r'),
  (141,'Short term prepaid loan costs\r'),
  (47,'Social and security expense\r'),
  (139,'Social and security tax\r'),
  (98,'Software\r'),
  (32,'Staff costs\r'),
  (150,'SWAP\r'),
  (62,'Tax fees\r'),
  (142,'Trade accounts payable\r'),
  (25,'Trade allowance\r'),
  (64,'Travel & transport\r'),
  (15,'VAS\r'),
  (41,'VAS - direct costs\r'),
  (144,'VAT\r'),
  (145,'VAT asset\r'),
  (44,'Wages\r'),
  (92,'Withholding tax\r'),
  (152,'Witholding tax liability\r');

COMMIT;

#
# Data for the `account_local` table  (LIMIT 0,500)
#

INSERT INTO `account_local` (`id`, `account_group_id`, `ax_account`, `name`) VALUES 
  (2051,1,12,'PROFIT AND LOSS'),
  (2052,2,10000,'INCOME'),
  (2053,2,10005,'Net revenue'),
  (2054,3,10100,'Roaming Solutions'),
  (2055,3,10110,'BASIC'),
  (2056,3,10111,'Invoiced'),
  (2057,4,10112,'Provision - accrued revenue'),
  (2058,5,10113,'Provision - credit notes'),
  (2059,3,10114,'DCH Revenue'),
  (2060,3,10119,'BASIC'),
  (2061,2,10120,'MEDIUM'),
  (2062,3,10121,'Invoiced'),
  (2063,4,10122,'Provision - accrued revenue'),
  (2064,5,10123,'Provision - credit noteshghjgjhgjgjg'),
  (2065,6,10124,'FCH revenue'),
  (2066,3,10129,'MEDIUM'),
  (2067,2,10130,'ADVANCED'),
  (2068,3,10131,'Invoiced'),
  (2069,7,10132,'Provision - accrued revenue'),
  (2070,4,10133,'Estimated revenue'),
  (2071,6,10134,'Invoiced Financial Clearing'),
  (2072,6,10135,'FX gains'),
  (2073,6,10136,'Bank Invik kick back'),
  (2074,6,10137,'Income From Services'),
  (2075,8,10138,'Estimated Revenue Financial Clearing'),
  (2076,6,10139,'ADVANCED'),
  (2077,9,10140,'MACH SMS'),
  (2078,9,10141,'Invoiced Revenue'),
  (2079,10,10142,'Provision'),
  (2080,11,10143,'Estimated Revenue'),
  (2081,9,10144,'Deferred revenue'),
  (2082,9,10149,'MACH SMS'),
  (2083,12,10150,'RSB'),
  (2084,12,10151,'Invoiced'),
  (2085,12,10152,'Provision'),
  (2086,13,10153,'Estimated Revenue'),
  (2087,12,10154,'Deferred Revenue'),
  (2088,12,10155,'Net Settlement Revenue'),
  (2089,12,10159,'RSB'),
  (2090,3,10179,'Roaming Solutions'),
  (2091,14,10180,'End2End'),
  (2092,15,10181,'VAS'),
  (2093,16,10182,'Connectivity'),
  (2094,14,10189,'End2End'),
  (2095,17,10190,'MACH Customer Service (MCS)'),
  (2096,17,10191,'MCS - Invoiced Revenue'),
  (2097,18,10192,'MCS - Estimated Revenue'),
  (2098,17,10193,'MCS - Deferred Revenue'),
  (2099,18,10194,'MCS - Accrued Revenue'),
  (2100,19,10195,'MCS - Provision for Credit Notes'),
  (2101,17,10196,'MACH Customer Service (MCS)'),
  (2102,20,10200,'Progrator'),
  (2103,20,10210,'NETWORK SERVICES'),
  (2104,20,10211,'Invoiced'),
  (2105,21,10212,'Provision - accrued revenue'),
  (2106,22,10213,'Provision - credit notes'),
  (2107,20,10219,'NETWORK SERVICES'),
  (2108,20,10220,'SOFTWARE SERVICES'),
  (2109,20,10221,'Invoiced'),
  (2110,21,10222,'Provision - accrued revenue'),
  (2111,22,10223,'Provision - credit notes'),
  (2112,20,10229,'SOFTWARE SERVICES'),
  (2113,20,10230,'PROFESSIONAL SERVICES'),
  (2114,20,10231,'Invoiced'),
  (2115,21,10232,'Provision - accrued revenue'),
  (2116,22,10233,'Provision - credit notes'),
  (2117,20,10239,'PROFESSIONAL SERVICES'),
  (2118,20,10240,'SUBSCRIPTION SERVICES'),
  (2119,20,10241,'Invoiced'),
  (2120,21,10243,'Estimated revenue - Progrator'),
  (2121,20,10249,'SUBSCRIPTION SERVICES'),
  (2122,20,10250,'GATETRADE SERVICES'),
  (2123,20,10251,'Invoiced'),
  (2124,20,10252,'Provision - accrued revenue'),
  (2125,20,10259,'GATETRADE SERVICES'),
  (2126,20,10298,'Progrator'),
  (2127,23,10310,'GROUP COMPANIES'),
  (2128,24,10311,'Revenue/commision from group companies'),
  (2129,23,10319,'REVENUE GROUP COMPANIES'),
  (2130,25,10410,'INVOICE ALLOWANCE/DISCOUNTS'),
  (2131,25,10411,'Trade allowance'),
  (2132,25,10419,'INVOICE ALLOWANCE/DISCOUNTS'),
  (2133,6,10500,'Financial Clearing'),
  (2134,6,10510,'Invoiced Financial Clearing'),
  (2135,6,10519,'Financial Clearing'),
  (2136,26,10600,'Interfact'),
  (2137,26,10610,'Invoiced Revenue Interfact'),
  (2138,27,10620,'Estimated revenue Interfact'),
  (2139,26,10630,'Deferred revenue Interfact'),
  (2140,28,10640,'Provision credit notes Interfact'),
  (2141,29,10710,'Invoiced revenue - L2O'),
  (2142,30,10720,'Estimated revenue - L2O'),
  (2143,29,10730,'Deferred revenue - L2O'),
  (2144,31,10740,'Provision credit notes - L2O'),
  (2145,3,10810,'Invoiced Revenue (CDMA)'),
  (2146,4,10811,'Estimated Revenue (CDMA)'),
  (2147,5,10812,'Provision for Credit Notes (CDMA)'),
  (2148,3,10813,'Deferred Revenue (CDMA)'),
  (2149,3,10814,'Net Settlement Revenue (CDMA)'),
  (2150,23,10899,'Net revenue'),
  (2151,6,10900,'Other income'),
  (2152,32,10901,'Other Income'),
  (2153,32,10904,'Renumeration in kind 19% UST'),
  (2154,32,10908,'Income from consultancy'),
  (2155,3,10910,'Income from training/courses'),
  (2156,33,10911,'Other operating revenue'),
  (2157,33,10912,'Income from sales of assets'),
  (2158,24,10913,'Management fee from group companies'),
  (2159,24,10914,'Other income from group companies'),
  (2160,33,10915,'Extraordinary income'),
  (2161,33,10916,'Income from trials/lawsuits'),
  (2162,24,10917,'Markup Development, income'),
  (2163,3,10919,'Other income'),
  (2164,3,10920,'Revenue Account -Domestic Export'),
  (2165,24,10921,'Interco revenue - Other Staff costs'),
  (2166,24,10922,'Interco revenue - Administration'),
  (2167,24,10923,'Interco revenue - IT&Tele'),
  (2168,24,10924,'Interco revenue - Office expenses'),
  (2169,24,10925,'Interco revenue - Professional services'),
  (2170,24,10926,'Interco revenue - Travel  costs'),
  (2171,24,10927,'Interco revenue - Marketing'),
  (2172,24,10928,'Interco revenue - Wages'),
  (2173,24,10929,'Intercompany revenue'),
  (2174,34,10930,'Interest revenue of loans to affiliates'),
  (2175,24,10949,'InterCompany Revenue'),
  (2176,23,10999,'INCOME'),
  (2177,24,19001,'REVENUE I/C WP Roaming III Sarl'),
  (2178,24,19002,'REVENUE I/C WP Roaming I Sarl'),
  (2179,24,19003,'REVENUE I/C Advent MACH S'),
  (2180,24,19004,'REVENUE I/C MACH S'),
  (2181,24,19005,'REVENUE I/C Globalport LUX'),
  (2182,24,19006,'REVENUE I/C Interfact S.A.'),
  (2183,24,19007,'REVENUE I/C MACH Germany'),
  (2184,24,19008,'REVENUE I/C MACH Poland sp z.o.o.'),
  (2185,24,19009,'REVENUE I/C Terraplay Systems AB'),
  (2186,24,19010,'REVENUE I/C MACH USA'),
  (2187,24,19011,'REVENUE I/C MTS'),
  (2188,24,19012,'REVENUE I/C ITML'),
  (2189,24,19013,'REVENUE I/C MACH Brazil'),
  (2190,24,19014,'REVENUE I/C MACH India'),
  (2191,24,19015,'REVENUE I/C WP Roaming Denmark'),
  (2192,24,19016,'REVENUE I/C MACH Denmark'),
  (2193,24,19017,'REVENUE I/C MACH ApS'),
  (2194,24,19018,'REVENUE I/C MACH Solutions Ltd.'),
  (2195,24,19019,'REVENUE I/C MACH Pte Ltd'),
  (2196,24,19020,'REVENUE I/C MACH Russia'),
  (2197,24,19021,'REVENUE I/C MACH FZ-LLC'),
  (2198,24,19022,'REVENUE I/C WP Roaming V Sarl'),
  (2199,24,19023,'REVENUE I/C End2End Connectivity ApS'),
  (2200,24,19024,'REVENUE I/C End2End VAS ApS'),
  (2201,24,19025,'REVENUE I/C End2End Connectivity GMBH'),
  (2202,24,19026,'REVENUE I/C End2End VAS Ltd.'),
  (2203,24,19027,'REVENUE I/C Cibernet PLC'),
  (2204,24,19028,'REVENUE I/C Cibernet Corporation'),
  (2205,24,19029,'REVENUE I/C Cyprus Holdings'),
  (2206,24,19030,'REVENUE I/C Trans Cibernet India'),
  (2207,24,19031,'REVENUE I/C Trans Cibernet Cyprus'),
  (2208,24,19032,'REVENUE I/C CB Holdings'),
  (2209,24,19033,'REVENUE I/C WP Merger Sarl'),
  (2210,24,19034,'REVENUE I/C  Progrator|gatetrade'),
  (2211,24,19035,'REVENUE I/C Atento'),
  (2212,24,19036,'REVENUE I/C L2O'),
  (2213,23,20000,'OPERATING EXPENSES'),
  (2214,23,20001,'Direct costs'),
  (2215,33,20110,'ROAMING SOLUTIONS'),
  (2216,33,20111,'Commission'),
  (2217,35,20112,'Direct costs Financial Clearing'),
  (2218,33,20113,'Transaction costs'),
  (2219,24,20114,'Commission to group companies'),
  (2220,33,20115,'Direct costs courses/training'),
  (2221,33,20116,'Travel expenses invoiced to customers'),
  (2222,24,20117,'Markup Development, expense'),
  (2223,24,20118,'Other expenses from group companies'),
  (2224,33,20119,'ROAMING SOLUTIONS'),
  (2225,33,20120,'Direct costs DCH'),
  (2226,24,20121,'Interco expenses - Other Staff costs'),
  (2227,24,20122,'Interco expenses - Administration'),
  (2228,24,20123,'Interco expenses - IT&Tele'),
  (2229,24,20124,'Interco expenses - Office expenses'),
  (2230,24,20125,'Interco expenses - Professional services'),
  (2231,24,20126,'Interco expenses - Travel  costs'),
  (2232,24,20127,'Interco expenses - Marketing'),
  (2233,24,20128,'Interco expenses - Wages'),
  (2234,36,20129,'Interco expenses - capitalised professional fees'),
  (2235,37,20130,'Interco expenses - capitalised office costs (overhead)'),
  (2236,38,20131,'Interco expenses - capitalised salary'),
  (2237,24,20132,'Intercompany expenses'),
  (2238,39,20133,'Foreign GST & VAT costs'),
  (2239,24,20149,'InterCompany expenses'),
  (2240,40,20210,'PROGRATOR'),
  (2241,40,20211,'Agent commission'),
  (2242,40,20212,'License fees'),
  (2243,40,20213,'Transaction costs'),
  (2244,40,20214,'Other equipment'),
  (2245,40,20215,'Subcontractors'),
  (2246,40,20219,'PROGRATOR'),
  (2247,23,20300,'END2END'),
  (2248,41,20310,'Commission End2End'),
  (2249,42,20311,'Transaction costs End2End'),
  (2250,23,20319,'END2END Total'),
  (2251,43,20911,'ISR cost of sales'),
  (2252,43,20912,'ISR Direct cost of sim card sales'),
  (2253,43,20913,'ISR Fixed direct costs'),
  (2254,23,20999,'Direct costs'),
  (2255,44,22000,'Staff costs'),
  (2256,32,22100,'STAFF COSTS'),
  (2257,44,22110,'Net salaries'),
  (2258,32,22111,'Salaries for dismissals'),
  (2259,32,22112,'Provision salaries for dismissals'),
  (2260,44,22113,'Net salaries, accrual'),
  (2261,45,22120,'Bonus'),
  (2262,45,22121,'Bonus, accruals'),
  (2263,45,22122,'Bonus for dismissals'),
  (2264,45,22123,'Accrued bonus for dismissals'),
  (2265,46,22130,'Vacation pay'),
  (2266,46,22131,'Vacation pay, accrual current year'),
  (2267,38,22132,'Capitalized salaries'),
  (2268,46,22133,'Vacation pay, accrual used'),
  (2269,32,22134,'Personnel - relocation'),
  (2270,47,22140,'Pension contribution'),
  (2271,47,22141,'Pension contribution, accruals'),
  (2272,47,22142,'Company Life Insurance'),
  (2273,47,22143,'Company Life Insurance, adjustments'),
  (2274,47,22150,'Compensation for retirement'),
  (2275,32,22151,'Reimbursements'),
  (2276,32,22152,'2 first days of unemployment'),
  (2277,47,22153,'Income taxes employees'),
  (2278,44,22154,'Germany & Florida salaries'),
  (2279,44,22155,'MACH FZ LLC salaries'),
  (2280,47,22156,'Employers Contribution to PF'),
  (2281,47,22157,'Gratuity'),
  (2282,47,22158,'Leave Encashment'),
  (2283,47,22159,'LTC'),
  (2284,32,22160,'Medical Reimbursments'),
  (2285,32,22161,'Telephones -Salary'),
  (2286,47,22162,'Employee State Insurance'),
  (2287,32,22163,'Leave Salary'),
  (2288,48,22164,'Sales Commision(internalexp)'),
  (2289,48,22165,'Sales Commission Accruals'),
  (2290,32,22199,'STAFF COSTS'),
  (2291,32,22999,'Staff costs'),
  (2292,32,23000,'Other external expenses'),
  (2293,49,23100,'OTHER STAFF COSTS'),
  (2294,47,23110,'Social security employees'),
  (2295,49,23111,'Employer apprentice reimbursement'),
  (2296,47,23112,'Swedish AG contribution'),
  (2297,47,23113,'ATP financing contribution'),
  (2298,47,23114,'Employers ATP contribution'),
  (2299,47,23115,'Social taxes'),
  (2300,49,23120,'Company arrangements'),
  (2301,50,23121,'Recruitment'),
  (2302,49,23122,'Presents employees'),
  (2303,49,23123,'Management training'),
  (2304,49,23124,'Employee training'),
  (2305,49,23125,'Magazines to employees'),
  (2306,49,23126,'Temporary help'),
  (2307,38,23127,'Capitalized Staff Costs'),
  (2308,49,23130,'Canteen articles'),
  (2309,49,23131,'Canteen sale'),
  (2310,49,23132,'Canteen arrangement, income'),
  (2311,49,23133,'Canteen, VAT'),
  (2312,49,23134,'Luncheon Vouchers'),
  (2313,49,23140,'Other staff costs'),
  (2314,49,23141,'Festival Celebrations'),
  (2315,49,23142,'Staff Entertainment'),
  (2316,49,23143,'Staff Welfare'),
  (2317,47,23144,'PF Admn Charges'),
  (2318,49,23145,'Night Shift allowance'),
  (2319,49,23146,'Local Conveyance-Non Technical'),
  (2320,49,23198,'Other staff costs'),
  (2321,49,23199,'OTHER STAFF COSTS'),
  (2322,39,23200,'ADMINISTRATION'),
  (2323,39,23211,'Office supplies'),
  (2324,39,23212,'Newspapers, magazines and books'),
  (2325,51,23213,'Shipment and postage'),
  (2326,39,23214,'Subscriptions'),
  (2327,52,23215,'Penalties and Fines'),
  (2328,39,23220,'Small assets office (tax limit 11 tkr., 1.480 EUR)'),
  (2329,39,23221,'Small assets office (over 11 tkr / under 40 tkr)'),
  (2330,53,23230,'Insurances'),
  (2331,54,23231,'Audit fees'),
  (2332,55,23240,'Gain/loss on disposal of investment'),
  (2333,56,23250,'Bad debt provision'),
  (2334,56,23251,'Realized loss on bad debt'),
  (2335,52,23260,'Payment differences'),
  (2336,52,23261,'Compensation to customers'),
  (2337,39,23262,'Assets provided (TDS)'),
  (2338,39,23263,'Assets written off ( TDS'),
  (2339,52,23264,'Data Clearing SLA Penalty'),
  (2340,52,23265,'Financial Clearing SLA Penalty'),
  (2341,39,23298,'Administration costs'),
  (2342,39,23299,'ADMINISTRATION'),
  (2343,57,23300,'IT & TELE COSTS'),
  (2344,57,23310,'Telephone fixed (office)'),
  (2345,57,23311,'Telephone mobile'),
  (2346,57,23312,'Telephone fixed (home)'),
  (2347,57,23313,'Internet connection (home)'),
  (2348,57,23320,'Hardware leasing'),
  (2349,57,23321,'Small assets hardware (tax limit 11 tkr., 1.480 EUR)'),
  (2350,57,23322,'Small assets hardware (over 11 tkr / under 40 tkr'),
  (2351,57,23330,'Maintenance, hardware'),
  (2352,57,23331,'Maintenance, software'),
  (2353,57,23332,'Other maintenance'),
  (2354,57,23340,'Fixed lines operation'),
  (2355,57,23350,'Software licenses'),
  (2356,57,23351,'Hire Charges-Computer'),
  (2357,36,23352,'Capitalized Software & Licenses'),
  (2358,57,23398,'IT & Tele costs'),
  (2359,57,23399,'IT & TELE COSTS'),
  (2360,58,23400,'OFFICE EXPENSES'),
  (2361,59,23410,'Office rental'),
  (2362,58,23411,'Capitalized rental costs'),
  (2363,58,23412,'Electricity'),
  (2364,58,23413,'Heating costs'),
  (2365,59,23414,'Other Rental Expenses'),
  (2366,58,23420,'Relocation costs'),
  (2367,58,23430,'Other office expenses'),
  (2368,58,23431,'Fringe Benefit Tax'),
  (2369,58,23432,'Security Expenses'),
  (2370,58,23433,'Prior Period Expenses'),
  (2371,58,23440,'Meals & Entertainment 100% deductible'),
  (2372,58,23499,'OFFICE EXPENSES'),
  (2373,60,23500,'PROFESSIONAL SERVICES'),
  (2374,60,23510,'Professional fees used for development'),
  (2375,36,23511,'Capitalized professional fees'),
  (2376,60,23512,'Professional fees'),
  (2377,61,23520,'Legal fees'),
  (2378,61,23521,'Legal fees - patents & trademarks'),
  (2379,61,23522,'Legal fees - commerical contracts'),
  (2380,61,23523,'legal fees - corporate matters'),
  (2381,61,23524,'legal fees - employee litigation'),
  (2382,54,23530,'Professional fees, auditors'),
  (2383,62,23531,'Taxation Services'),
  (2384,63,23540,'BoD fees'),
  (2385,60,23550,'Professional fees, dismissals'),
  (2386,60,23598,'Professional service'),
  (2387,60,23599,'PROFESSIONAL SERVICES'),
  (2388,64,23600,'TRAVEL & TRANSPORT'),
  (2389,49,23601,'Food Exps Domestic Technical'),
  (2390,64,23602,'Local Conveyance-Technical'),
  (2391,64,23604,'Stay Expenses Domestic-Technical'),
  (2392,64,23605,'Travel air & hotel - internal travels'),
  (2393,64,23606,'Travel Fare Domestic-Technical'),
  (2394,64,23607,'Food Exps Foreign Technical'),
  (2395,64,23608,'Other Expenses Foreign-Technical'),
  (2396,64,23609,'Overseas Medical Insurance-Technical'),
  (2397,64,23610,'Travel air & hotel - external travels'),
  (2398,64,23611,'Non-taxable transport (salary)'),
  (2399,64,23612,'Taxable transport'),
  (2400,64,23613,'Stay Expenses Foreign-Technical'),
  (2401,64,23614,'Travel Fare Foreign-Technical'),
  (2402,64,23615,'Visa Fees-Technical'),
  (2403,64,23616,'Hotel Expenses - Internal'),
  (2404,64,23617,'Hotel Expenses - External'),
  (2405,64,23618,'Hotel / DA Forex Expns - Internal'),
  (2406,64,23619,'Hotel/DA Forex Expns-External'),
  (2407,59,23620,'Car leases'),
  (2408,59,23630,'Cars, maintenance and petrol'),
  (2409,64,23640,'Transport and other car expenses'),
  (2410,64,23641,'Food Exps Domestic Non Technical'),
  (2411,64,23642,'Other Expenses Domestic-Non Technical'),
  (2412,64,23643,'Stay Expenses Domestic-Non Technical'),
  (2413,64,23644,'Travel Fare Domestic-Non Technical'),
  (2414,64,23645,'Food Exps Foreign Non Technical'),
  (2415,64,23646,'Other Expenses Foreign-Non Technical'),
  (2416,64,23647,'Overseas Medical Insurance - Non Technical'),
  (2417,64,23648,'Stay Expenses Foreign-Non Technical'),
  (2418,64,23649,'Travel Fare Foreign-Non Technical'),
  (2419,64,23650,'Visa Fees - Non Technical'),
  (2420,64,23660,'Meals & Entertainment 50% deductible'),
  (2421,64,23661,'Meals & Entertainment 30% non deductible'),
  (2422,64,23699,'TRAVEL & TRANSPORT'),
  (2423,65,23700,'MARKETING'),
  (2424,65,23710,'Corporate'),
  (2425,65,23720,'Roaming Solutions'),
  (2426,65,23730,'Progrator'),
  (2427,65,23740,'Representation costs'),
  (2428,65,23741,'Training held for paying customers'),
  (2429,65,23746,'Presents up to a value of 35 Euro deductible'),
  (2430,65,23747,'Presents above a value of 35 Euro non deductible'),
  (2431,65,23750,'Events'),
  (2432,65,23751,'Marketing Material Collateral'),
  (2433,65,23752,'Industry Association Membership'),
  (2434,65,23753,'Online Activities'),
  (2435,65,23754,'Campaign'),
  (2436,65,23755,'Product Advertisement'),
  (2437,65,23756,'Public Relations'),
  (2438,65,23757,'Branding'),
  (2439,65,23758,'Channel Communications & Training'),
  (2440,65,23759,'Market Research'),
  (2441,65,23798,'Marketing costs'),
  (2442,65,23799,'MARKETING'),
  (2443,24,23800,'EXPENSES TO GROUP COMPANIES'),
  (2444,24,23810,'Management fee to group companies'),
  (2445,24,23820,'Other expenses paid to group companies'),
  (2446,24,23899,'EXPENSES TO GROUP COMPANIES'),
  (2447,24,23996,'Intercompany revenue'),
  (2448,60,23997,'Other external expenses'),
  (2449,23,23998,'OPERATING EXPENSES'),
  (2450,23,23999,'EBITDA'),
  (2451,23,24000,'DEPRECIATIONS'),
  (2452,23,24100,'INTANGIBLE ASSETS'),
  (2453,66,24110,'Goodwill'),
  (2454,67,24120,'Development costs'),
  (2455,68,24130,'Formation expenses'),
  (2456,69,24140,'Software'),
  (2457,70,24150,'Amortization of customer contracts'),
  (2458,71,24160,'Brand Name'),
  (2459,72,24170,'Know How'),
  (2460,73,24180,'Other intangible asset'),
  (2461,74,24181,'Investment Impairment expense'),
  (2462,23,24198,'Depreciations intangibles'),
  (2463,23,24199,'INTANGIBLE ASSETS'),
  (2464,23,24200,'TANGIBLE ASSETS'),
  (2465,75,24210,'Hardware'),
  (2466,76,24220,'Cars'),
  (2467,77,24230,'Fixtures and equipments'),
  (2468,78,24240,'Leasehold improvements'),
  (2469,23,24298,'Amotisation goodwill and customers contracts'),
  (2470,23,24299,'TANGIBLE ASSETS'),
  (2471,23,24998,'DEPRECIATIONS'),
  (2472,23,24999,'INCOME BEFORE FINANCIAL ITEMS'),
  (2473,23,25000,'FINANCIAL ITEMS'),
  (2474,23,25100,'INTEREST INCOME'),
  (2475,79,25110,'Interests received, taxable'),
  (2476,79,25120,'Interests received, not taxable'),
  (2477,80,25130,'Interests receiced, group companies'),
  (2478,23,25199,'INTEREST INCOME'),
  (2479,23,25200,'INTEREST EXPENSE'),
  (2480,79,25210,'Interest expense, deductiable'),
  (2481,79,25220,'Interest expense, not deductiable'),
  (2482,81,25230,'Penalty interest'),
  (2483,82,25240,'Interest on bankloan'),
  (2484,80,25250,'Interests paid to group companies'),
  (2485,23,25299,'INTEREST EXPENSE'),
  (2486,23,25300,'OTHER FINANCIAL ITEMS, NET'),
  (2487,23,25310,'P&L from subsidiaries'),
  (2488,83,25320,'Bank charges'),
  (2489,84,25330,'Bank commitment fees'),
  (2490,83,25340,'Other bank fees'),
  (2491,85,25350,'Amortization on loan fees'),
  (2492,86,25370,'Dividens received'),
  (2493,87,25380,'FX gain/loss'),
  (2494,87,25381,'FX gain/loss group'),
  (2495,55,25385,'Gain/loss on disposal of affiliated companies'),
  (2496,81,25390,'Other financial items'),
  (2497,32,25391,'Other, Redundancy'),
  (2498,88,25392,'Settlements'),
  (2499,23,25395,'SWAP Reserve'),
  (2500,23,25397,'IFRS Adjustments'),
  (2501,23,25399,'OTHER FINANCIAL ITEMS, NET'),
  (2502,86,25400,'Dividend from group companies'),
  (2503,87,25402,'Fx gain/loss group'),
  (2504,34,25410,'Interest of loans to affiliates'),
  (2505,23,25998,'FINANCIAL ITEMS'),
  (2506,23,25999,'INCOME BEFORE TAX'),
  (2507,23,26000,'OTHER P&L ITEMS'),
  (2508,89,26100,'INCOME TAXES'),
  (2509,89,26110,'Current income tax'),
  (2510,89,26111,'Solidarity tax'),
  (2511,89,26112,'Interest income tax'),
  (2512,89,26113,'Solidarity tax on interest income tax'),
  (2513,89,26114,'Trade income tax'),
  (2514,89,26115,'MAT Credit'),
  (2515,90,26120,'Deferred income tax'),
  (2516,89,26130,'Income tax, previous years'),
  (2517,89,26131,'Solidarity tax previous years'),
  (2518,89,26132,'Trade tax previous years'),
  (2519,91,26140,'Other taxes'),
  (2520,90,26150,'Deferred income tax'),
  (2521,89,26160,'CT - Profit & Loss'),
  (2522,92,26161,'WHT - Profit & Loss'),
  (2523,90,26162,'DT - Profit & Loss'),
  (2524,89,26199,'INCOME TAXES'),
  (2525,23,26999,'OTHER P&L ITEMS'),
  (2526,24,29001,'EXPENSE I/C WP Roaming III Sarl'),
  (2527,24,29002,'EXPENSE I/C WP Roaming I Sarl'),
  (2528,24,29003,'EXPENSE I/C Advent MACH S'),
  (2529,24,29004,'EXPENSE I/C MACH S'),
  (2530,24,29005,'EXPENSE I/C Globalport LUX'),
  (2531,24,29006,'EXPENSE I/C Interfact S.A.'),
  (2532,24,29007,'EXPENSE I/C MACH Germany'),
  (2533,24,29008,'EXPENSE I/C MACH Poland sp z.o.o.'),
  (2534,24,29009,'EXPENSE I/C Terraplay Systems AB'),
  (2535,24,29010,'EXPENSE I/C MACH USA'),
  (2536,24,29011,'EXPENSE I/C MTS'),
  (2537,24,29012,'EXPENSE I/C ITML'),
  (2538,24,29013,'EXPENSE I/C MACH Brazil'),
  (2539,24,29014,'EXPENSE I/C MACH India'),
  (2540,24,29015,'EXPENSE I/C WP Roaming Denmark'),
  (2541,24,29016,'EXPENSE I/C MACH Denmark'),
  (2542,24,29017,'EXPENSE I/C MACH ApS'),
  (2543,24,29018,'EXPENSE I/C MACH Solutions Ltd.'),
  (2544,24,29019,'EXPENSE I/C MACH Pte Ltd'),
  (2545,24,29020,'EXPENSE I/C MACH Russia'),
  (2546,24,29021,'EXPENSE I/C MACH FZ-LLC'),
  (2547,24,29022,'EXPENSE I/C WP Roaming V Sarl'),
  (2548,24,29023,'EXPENSE I/C End2End Connectivity ApS'),
  (2549,24,29024,'EXPENSE I/C End2End VAS ApS'),
  (2550,24,29025,'EXPENSE I/C End2End Connectivity GMBH');

COMMIT;

#
# Data for the `account_local` table  (LIMIT 500,500)
#

INSERT INTO `account_local` (`id`, `account_group_id`, `ax_account`, `name`) VALUES 
  (2551,24,29026,'EXPENSE I/C End2End VAS Ltd.'),
  (2552,24,29027,'EXPENSE I/C Cibernet PLC'),
  (2553,24,29028,'EXPENSE I/C Cibernet Corporation'),
  (2554,24,29029,'EXPENSE I/C Cyprus Holdings'),
  (2555,24,29030,'EXPENSE I/C Trans Cibernet India'),
  (2556,24,29031,'EXPENSE I/C Trans Cibernet Cyprus'),
  (2557,24,29032,'EXPENSE I/C CB Holdings'),
  (2558,24,29033,'EXPENSE I/C WP Merger Sarl'),
  (2559,24,29034,'EXPENSE I/C  Progrator|gatetrade'),
  (2560,24,29035,'EXPENSE I/C Atento'),
  (2561,24,29036,'EXPENSE I/C L2O'),
  (2562,23,29999,'PROFIT AND LOSS 2'),
  (2563,23,30000,'BALANCE SHEET'),
  (2564,23,30001,'ASSETS'),
  (2565,23,30002,'FIXED ASSETS'),
  (2566,93,31000,'Goodwill'),
  (2567,94,31100,'Intangible assets'),
  (2568,95,31110,'DEVELOPMENT'),
  (2569,95,31111,'Additions, previous years, development'),
  (2570,95,31112,'Additions, current year, development'),
  (2571,95,31113,'Acc. depreciations, development'),
  (2572,95,31114,'Disposals, development'),
  (2573,96,31115,'WIP development costs'),
  (2574,95,31118,'Development projects'),
  (2575,95,31119,'DEVELOPMENT'),
  (2576,23,31120,'FORMATION'),
  (2577,97,31121,'Additions, previous years, formation'),
  (2578,97,31122,'Additions, current year, formation'),
  (2579,97,31123,'Acc. depreciations, formation'),
  (2580,97,31124,'Disposals, formation'),
  (2581,23,31129,'FORMATION'),
  (2582,98,31130,'SOFTWARE'),
  (2583,98,31131,'Additions, previous years, software'),
  (2584,98,31132,'Additions, current year, software'),
  (2585,98,31133,'Acc. depreciations, software'),
  (2586,98,31134,'Disposals, software'),
  (2587,98,31138,'Software'),
  (2588,98,31139,'SOFTWARE'),
  (2589,93,31140,'GOODWILL'),
  (2590,93,31141,'Additions, previous years, goodwill'),
  (2591,93,31142,'Additions, current year, goodwill'),
  (2592,93,31143,'Acc. depreciations, goodwill'),
  (2593,93,31144,'Disposals, goodwill'),
  (2594,99,31147,'Customer contracts'),
  (2595,100,31148,'Intercompany investments'),
  (2596,101,31149,'GOODWILL'),
  (2597,99,31150,'CUSTOMER CONTRACTS'),
  (2598,99,31151,'Additions, previous years, customer contracts'),
  (2599,99,31152,'Additions, current years, customer contracts'),
  (2600,99,31153,'Acc. depreciations, customer contracts'),
  (2601,99,31154,'Disposals, customer contracts'),
  (2602,95,31158,'Accumulated depreciations Developments projects'),
  (2603,23,31159,'CUSTOMER CONTRACTS'),
  (2604,102,31160,'BRAND NAME'),
  (2605,102,31161,'Additions, previous years, brand name'),
  (2606,102,31162,'Additions, current years, brand name'),
  (2607,102,31163,'Acc. depreciations, brand name'),
  (2608,102,31164,'Disposals, brand name\t'),
  (2609,98,31165,'Accumulated depreciations Software'),
  (2610,99,31168,'Accumulated depreciations Customers contracts'),
  (2611,23,31169,'BRAND NAME'),
  (2612,103,31170,'KNOW-HOW'),
  (2613,103,31171,'Additions, previous years, know-how'),
  (2614,103,31172,'Additions, current years, know-how'),
  (2615,103,31173,'Acc. depreciations, know-how'),
  (2616,103,31174,'Disposals, know-how'),
  (2617,103,31179,'KNOW-HOW'),
  (2618,94,31180,'OTHER INTANGIBLE ASSETS'),
  (2619,94,31181,'Additions, previous years, other intangible asset'),
  (2620,94,31182,'Additions, current years, other intangible asset'),
  (2621,94,31183,'Acc. depreciations, other intangible asset'),
  (2622,23,31189,'OTHER INTANGIBLE ASSETS'),
  (2623,104,31190,'Acquisition impairment'),
  (2624,23,31199,'Intangible assets'),
  (2625,23,31200,'Tangible assets'),
  (2626,105,31210,'HARDWARE'),
  (2627,105,31211,'Additions, previous years, hardware'),
  (2628,105,31212,'Additions, current year, hardware'),
  (2629,105,31213,'Acc. depreciations, hardware'),
  (2630,105,31214,'Disposals, hardware'),
  (2631,23,31219,'HARDWARE'),
  (2632,106,31220,'CARS'),
  (2633,106,31221,'Additions, previous years, Cars'),
  (2634,106,31222,'Additions, current year, Cars'),
  (2635,106,31223,'Acc. depreciations, Cars'),
  (2636,106,31224,'Disposals, Cars'),
  (2637,23,31229,'CARS'),
  (2638,107,31230,'FIXTURES AND EQUIPMENT'),
  (2639,107,31231,'Additions, previous years, F&E'),
  (2640,107,31232,'Additions, current year, F&E'),
  (2641,107,31233,'Acc. depreciations, F&E'),
  (2642,107,31234,'Disposals, F&E'),
  (2643,23,31239,'FIXTURES AND EQUIPMENT'),
  (2644,108,31240,'LEASEHOLD IMPROVEMENTS'),
  (2645,108,31241,'Additions, previous years, leasehold'),
  (2646,108,31242,'Additions, current year, leasehold'),
  (2647,108,31243,'Acc. depreciations, leasehold'),
  (2648,108,31244,'Disposals, leasehold'),
  (2649,23,31249,'LEASEHOLD IMPROVEMENTS'),
  (2650,105,31270,'Small assets hardware (150 '),
  (2651,23,31299,'Tangible assets'),
  (2652,23,32000,'Financial assets'),
  (2653,109,32100,'DEPOSITS'),
  (2654,109,32110,'Deposits, offices'),
  (2655,109,32111,'Deposits, other'),
  (2656,109,32112,'Deposits for D G Set( Mach Bangalore)'),
  (2657,109,32113,'Deposits for Furniture Hire( Mach Bangalore)'),
  (2658,109,32114,'Telephone Deposit'),
  (2659,23,32119,'DEPOSITS'),
  (2660,23,32200,'FINANCIAL INVESTMENTS DK'),
  (2661,110,32210,'Acquisition costs, MACH Pte Ltd'),
  (2662,110,32211,'P&L carried forward, MACH Pte Ltd'),
  (2663,110,32220,'Acquisition costs, MACH Solutions Ltd'),
  (2664,110,32221,'P&L carried forward, MACH Solutions Ltd'),
  (2665,110,32230,'Acquisition costs, MACH FZ-LLC'),
  (2666,110,32231,'P&L carried forward, MACH FZ-LLC'),
  (2667,110,32240,'Acquisition costs, Cargo Globe'),
  (2668,110,32241,'P&L carried forward, Cargo Globe'),
  (2669,110,32250,'Aquisition costs, Dan Net ApS'),
  (2670,110,32251,'P&L carried forward, Dan Net ApS'),
  (2671,110,32299,'FINANCIAL INVESTMENTS DK'),
  (2672,110,32300,'FINANCIAL INVESTMENTS LUX'),
  (2673,110,32310,'Aquisition costs, MACH Denmark'),
  (2674,110,32320,'Aquisition costs, MACH Sarl'),
  (2675,110,32325,'Acquisition costs, MACH Poland'),
  (2676,110,32330,'Aquisition costs, MACH Asia'),
  (2677,110,32340,'Aquisition costs, MACH India'),
  (2678,110,32350,'Aquisition costs, MACH Germany'),
  (2679,110,32360,'Aquisition costs, MACH USA'),
  (2680,110,32370,'Aquisition costs, MACH Brazil'),
  (2681,110,32375,'Acquisition cost RSB'),
  (2682,110,32380,'Aquisition costs, Interfact S.A.'),
  (2683,110,32381,'Aquisition costs, Atento'),
  (2684,110,32391,'Aquisition costs, Globalport S.A.'),
  (2685,110,32392,'Aquisition costs, MTS'),
  (2686,110,32393,'Aquisition costs, Finclear Intern Ltd'),
  (2687,110,32394,'Aquisition costs, WP Roaming V Sarl'),
  (2688,110,32395,'Aquisition costs, WP Roaming I Sarl'),
  (2689,111,32396,'CPECs, WP Roaming I Sarl'),
  (2690,112,32397,'PECs, WP Roaming I Sarl'),
  (2691,110,32398,'Acquisition costs, WP Merger Sarl'),
  (2692,110,32399,'FINANCIAL INVESTMENTS LUX'),
  (2693,110,32400,'FINANCIAL INVESTMENTS OTHER'),
  (2694,110,32410,'Aquisition costs, WP Roaming II Sarl'),
  (2695,111,32411,'CPECs, WP Roaming II Sarl'),
  (2696,112,32412,'PECs, WP Roaming II Sarl'),
  (2697,110,32420,'Aquisition costs, MACH India (ITML)'),
  (2698,110,32430,'Aquisition costs, MTS (ITML)'),
  (2699,110,32440,'Aquisition costs, Interfact Sweden'),
  (2700,110,32450,'Aquisition costs, WP Roaming Denmark'),
  (2701,110,32460,'Aquisition costs, Midas I'),
  (2702,110,32465,'Aquisition costs, Midas II'),
  (2703,110,32470,'Aquisition costs, Advent Mach Sarl'),
  (2704,110,32480,'Aquisition costs, WP Roaming Sarl'),
  (2705,111,32481,'CPECs, WP Roaming Sarl'),
  (2706,112,32482,'PECs, WP Roaming Sarl'),
  (2707,110,32490,'Aquisition costs, WP Roaming III Sarl'),
  (2708,111,32491,'CPECs, WP Roaming III Sarl'),
  (2709,110,32492,'Acquisitions costs, End2End'),
  (2710,110,32493,'Acquisitions costs, Cibernet'),
  (2711,110,32494,'Acquisition Costs, WP Merger Sarl'),
  (2712,110,32495,'Acqusition Costs,CB Holdings'),
  (2713,110,32496,'Acquisition Costs, WP Roaming Holdings'),
  (2714,110,32497,'Acquisition Costs, Terraplay'),
  (2715,110,32498,'Acquisition Costs, Link2one'),
  (2716,23,32499,'FINANCIAL INVESTMENTS OTHER'),
  (2717,23,32500,'Financial assets'),
  (2718,107,32501,'Depreciation Provision-A/c'),
  (2719,107,32502,'Depreciation Provision-F & F'),
  (2720,105,32503,'Free Assets-Hardware'),
  (2721,105,32504,'Free Assets-Fix & Erup'),
  (2722,107,32505,'FURNITURE & FIXTURES'),
  (2723,107,32506,'Additions, Previous Year F & F'),
  (2724,107,32507,'Additions, Current Year F & F'),
  (2725,107,32508,'Acc.Depreciation F & F'),
  (2726,107,32509,'Disposals F & F'),
  (2727,23,32510,'FURNITURE & FIXTURES'),
  (2728,23,32999,'FIXED ASSETS'),
  (2729,23,33000,'CURRENT ASSETS'),
  (2730,113,33001,'Expenses for Reimbursements'),
  (2731,113,33002,'Gratuity Trust'),
  (2732,113,33003,'Lunch Coupons'),
  (2733,114,33004,'Consumable Stock '),
  (2734,114,33005,'Food Coupons Stock '),
  (2735,114,33006,'Stamps'),
  (2736,113,33010,'Receivables'),
  (2737,115,33100,'ACCOUNT RECEIVABLES'),
  (2738,115,33110,'A/R Roaming Solutions'),
  (2739,115,33120,'A/R Progrator'),
  (2740,116,33130,'Accrued income'),
  (2741,117,33140,'Provision for bad debt - specific reserve'),
  (2742,117,33150,'Provision for bad debt - general reserve'),
  (2743,118,33160,'Provision for Credit Notes'),
  (2744,115,33170,'A/R Mach SMS'),
  (2745,115,33171,'AR Connectivity'),
  (2746,115,33180,'A/R RSB'),
  (2747,13,33181,'Accrued Income RSB'),
  (2748,23,33199,'ACCOUNT RECEIVABLES'),
  (2749,113,33200,'Other receivables'),
  (2750,113,33201,'OTHER RECEIVABLES'),
  (2751,100,33209,'Intercompany balances'),
  (2752,119,33210,'Receivables at affiliated companies'),
  (2753,113,33220,'Advances given to employees'),
  (2754,113,33221,'Travel expense advance'),
  (2755,113,33222,'Advance to Board members'),
  (2756,113,33223,'Advance to suppliers'),
  (2757,113,33230,'Re-invoicing'),
  (2758,113,33235,'Re-invoicing - transport'),
  (2759,117,33240,'Expected credit notes'),
  (2760,120,33245,'Deferred Tax Asset'),
  (2761,113,33250,'Accrued interests receivables'),
  (2762,113,33255,'ApS/PGT receivables'),
  (2763,113,33260,'Other receivables'),
  (2764,113,33299,'OTHER RECEIVABLES'),
  (2765,114,33300,'PREPAYMENTS'),
  (2766,114,33310,'Prepayments (acquisition related)'),
  (2767,114,33320,'Prepayments (loan related)'),
  (2768,114,33330,'Other prepayments'),
  (2769,114,33331,'Prepaid AMC Air Conditioners'),
  (2770,114,33332,'Prepaid AMC Alpha Server'),
  (2771,114,33333,'Prepaid AMC Computers'),
  (2772,114,33334,'Prepaid AMC for UPS'),
  (2773,114,33335,'Prepaid AMC Office Equipments'),
  (2774,114,33336,'Prepaid Expenses'),
  (2775,114,33337,'Prepaid Insurance'),
  (2776,114,33338,'Prepaid Network Expenses'),
  (2777,114,33339,'Prepaid Rent'),
  (2778,114,33340,'Prepaid Subscription'),
  (2779,114,33398,'Prepayments'),
  (2780,114,33399,'PREPAYMENTS'),
  (2781,100,33400,'INTERCOMPANY ACCOUNTS'),
  (2782,116,33401,'Accrued income'),
  (2783,100,33410,'I/C Advent Midas I'),
  (2784,100,33411,'I/C Advent Midas II'),
  (2785,121,33420,'I/C Advent MACH S'),
  (2786,121,33430,'I/C MACH S'),
  (2787,121,33435,'I/C MACH Poland sp z.o.o.'),
  (2788,121,33440,'I/C MACH Asia'),
  (2789,121,33450,'I/C MACH India'),
  (2790,121,33460,'I/C MACH Germany'),
  (2791,121,33465,'I/C MACH Denmark'),
  (2792,121,33470,'I/C MACH USA'),
  (2793,121,33480,'I/C MACH Brazil'),
  (2794,121,33490,'I/C Interfact S.A.'),
  (2795,100,33500,'I/C Interfact Sweden'),
  (2796,100,33501,'Other receivables'),
  (2797,121,33510,'I/C End2End VAS ApS'),
  (2798,121,33515,'I/C End2End Connectivity ApS'),
  (2799,121,33516,'I/C End2End VAS Ltd.'),
  (2800,121,33517,'I/C End2End Connectivity GMBH'),
  (2801,121,33520,'I/C Globalport LUX'),
  (2802,100,33530,'I/C Globalport Belgium'),
  (2803,121,33540,'I/C ITML'),
  (2804,121,33550,'I/C MTS'),
  (2805,100,33560,'I/C FinClear'),
  (2806,121,33570,'I/C MACH ApS'),
  (2807,121,33580,'I/C MACH Pte Ltd'),
  (2808,121,33590,'I/C MACH FZ-LLC'),
  (2809,121,33600,'I/C MACH Solutions Ltd.'),
  (2810,121,33610,'I/C MACH Russia'),
  (2811,121,33620,'I/C WP Roaming Denmark'),
  (2812,121,33630,'I/C WP Roaming I Sarl'),
  (2813,100,33640,'I/C WP Roaming Sarl'),
  (2814,121,33650,'I/C WP Roaming III Sarl'),
  (2815,121,33660,'I/C WP Roaming V Sarl'),
  (2816,100,33670,'I/C WP Roaming IV Sarl'),
  (2817,100,33680,'I/C WP Roaming II Sarl'),
  (2818,121,33681,'I/C CB Holdings'),
  (2819,121,33682,'I/C Cibernet Corporation'),
  (2820,121,33683,'I/C Trans Cibernet Cyprus'),
  (2821,121,33684,'I/C Cibernet PLC'),
  (2822,121,33685,'I/C Trans Cibernet India'),
  (2823,121,33686,'I/C Cyprus Holdings'),
  (2824,121,33687,'I/C WP Merger Sarl'),
  (2825,100,33688,'I/C President Merger Sub'),
  (2826,100,33689,'I/C WP Roaming Holdings S.A'),
  (2827,100,33690,'I/C WP Roaming Holdings'),
  (2828,121,33691,'I/C  Progrator|gatetrade'),
  (2829,121,33692,'I/C Terraplay Systems AB'),
  (2830,121,33693,'I/C Atento'),
  (2831,121,33694,'I/C Link2One'),
  (2832,100,33695,'I/C RSB'),
  (2833,23,33699,'OLD INTERCOMPANY ACCOUNTS'),
  (2834,23,33700,'INTERCOMPANY ACCOUNTS'),
  (2835,23,33701,'I/C Advent Midas I'),
  (2836,23,33702,'I/C Advent Midas II'),
  (2837,121,33703,'I/C Advent MACH S'),
  (2838,121,33704,'I/C MACH S'),
  (2839,121,33705,'I/C MACH Poland sp z.o.o.'),
  (2840,121,33706,'I/C MACH Asia'),
  (2841,121,33707,'I/C MACH India'),
  (2842,121,33708,'I/C MACH Germany'),
  (2843,121,33709,'I/C MACH Denmark'),
  (2844,121,33710,'I/C MACH USA'),
  (2845,121,33711,'I/C MACH Brazil'),
  (2846,121,33712,'I/C Interfact S.A.'),
  (2847,100,33713,'I/C Interfact Sweden'),
  (2848,121,33714,'I/C End2End VAS ApS'),
  (2849,121,33715,'I/C End2End Connectivity ApS'),
  (2850,121,33716,'I/C End2End VAS Ltd.'),
  (2851,121,33717,'I/C End2End Connectivity GMBH'),
  (2852,121,33718,'I/C Globalport LUX'),
  (2853,100,33719,'I/C Globalport Belgium'),
  (2854,121,33720,'I/C ITML'),
  (2855,121,33721,'I/C MTS'),
  (2856,100,33722,'I/C FinClear'),
  (2857,121,33723,'I/C MACH ApS'),
  (2858,121,33724,'I/C MACH Pte Ltd'),
  (2859,121,33725,'I/C MACH FZ-LLC'),
  (2860,121,33726,'I/C MACH Solutions Ltd.'),
  (2861,121,33727,'I/C MACH Russia'),
  (2862,121,33728,'I/C WP Roaming Denmark'),
  (2863,121,33729,'I/C WP Roaming I Sarl'),
  (2864,100,33730,'I/C WP Roaming Sarl'),
  (2865,121,33731,'I/C WP Roaming III Sarl'),
  (2866,121,33732,'I/C WP Roaming V Sarl'),
  (2867,100,33733,'I/C WP Roaming IV Sarl'),
  (2868,100,33734,'I/C WP Roaming II Sarl'),
  (2869,121,33735,'I/C CB Holdings'),
  (2870,121,33736,'I/C Cibernet Corporation'),
  (2871,121,33737,'I/C Trans Cibernet Cyprus'),
  (2872,121,33738,'I/C Cibernet PLC'),
  (2873,121,33739,'I/C Trans Cibernet India'),
  (2874,121,33740,'I/C Cyprus Holdings'),
  (2875,121,33741,'I/C WP Merger Sarl'),
  (2876,100,33742,'I/C President Merger Sub'),
  (2877,100,33743,'I/C WP Roaming Holdings S.A'),
  (2878,100,33744,'I/C WP Roaming Holdings'),
  (2879,121,33745,'I/C  Progrator|gatetrade'),
  (2880,121,33746,'I/C Terraplay Systems AB'),
  (2881,121,33747,'I/C Atento'),
  (2882,121,33748,'I/C Link2One'),
  (2883,100,33749,'I/C RSB'),
  (2884,23,33799,'INTERCOMPANY ACCOUNTS'),
  (2885,23,33899,'INTERCOMPANY ACCOUNTS'),
  (2886,122,33998,'Other receivables'),
  (2887,115,33999,'Receivables'),
  (2888,123,34000,'Cash and bank deposits'),
  (2889,123,34010,'BANKS'),
  (2890,123,34011,'Cash and Bank'),
  (2891,123,34100,'Danske Bank DKK'),
  (2892,123,34101,'Danske Bank DKK (E2E) # 3001941704'),
  (2893,123,34102,'Danske Bank EUR (E2E) # 3001961373'),
  (2894,123,34103,'Danske Bank GBP (E2E) # 3001278959'),
  (2895,123,34104,'Danske Bank DKK (E2E) # 3100101823'),
  (2896,123,34105,'Danske Bank EUR (E2E) # 3100102749'),
  (2897,123,34106,'Danske Bank DKK (E2E) # 3020159952'),
  (2898,123,34107,'Danske Bank DKK (E2E) # 3020134453'),
  (2899,123,34108,'Danske Bank # 4989061607'),
  (2900,123,34109,'Danske Bank USD (3345650377)'),
  (2901,123,34110,'Danske Bank EUR'),
  (2902,123,34111,'Danske Bank EUR (Cash Pool)'),
  (2903,123,34112,'Danske Bank DKK (E2E) # 3001516000'),
  (2904,123,34113,'Danske Bank EUR (E2E) # 3001516019'),
  (2905,123,34114,'Danske Bank EUR (E2E) # 4989061682'),
  (2906,123,34115,'Danske Bank EUR (E2E) # 3001564943'),
  (2907,123,34116,'Nordea Bank DKK (E2E) # 2149-5905150385'),
  (2908,123,34117,'Nordea Bank EUR (E2E) # 2149-5005988529'),
  (2909,123,34118,'Sparkasse EUR (E2E) # 5003923'),
  (2910,123,34119,'Danske Bank EUR (3345-603794)'),
  (2911,123,34120,'Danske Bank USD'),
  (2912,123,34121,'Danske Bank GBP'),
  (2913,123,34122,'Danske Bank PLN'),
  (2914,123,34123,'JP Morgan Chase USD'),
  (2915,123,34124,'JP Morgan Chase EUR'),
  (2916,123,34125,'JP Morgan Chase GBP'),
  (2917,123,34126,'Danske Bank DKK # 4073000041'),
  (2918,123,34127,'Danske Bank GBP #4073003083'),
  (2919,123,34128,'HDFC Bank INR #05230350001066'),
  (2920,123,34130,'Cash in transfer'),
  (2921,123,34131,'Danske Bank (E2E) - TDC guarantee # 3345601465'),
  (2922,123,34132,'Danske Bank - 3001-940228 (DRIFT)'),
  (2923,123,34133,'Danske Bank - 3001-957260 (AR)'),
  (2924,123,34134,'Danske Bank - 3001-545140 (Smart)'),
  (2925,123,34210,'Banque Invik EUR'),
  (2926,123,34220,'Banque Invik USD'),
  (2927,123,34240,'Banque Invik NOK'),
  (2928,123,34251,'Deutche Bank (E2E) # 061167300'),
  (2929,123,34252,'Danske Bank (E2E) # 4989061607'),
  (2930,123,34253,'SEB Bank SEK (E2E) - Deposit Account'),
  (2931,123,34254,'SEB Bank SEK (E2E) - Trade Account'),
  (2932,123,34310,'BCEE EUR'),
  (2933,123,34320,'BCEE USD'),
  (2934,123,34340,'Magellan BCEE EUR'),
  (2935,123,34360,'JP Morgan Chase (Chase EUR Receipts A/c)'),
  (2936,123,34361,'JP Morgan Chase (Chase GBP Receipts A/c)'),
  (2937,123,34362,'JP Morgan Chase (Chase Settlement Fees Account)'),
  (2938,123,34363,'JP Morgan Chase (Chase USD Settlement Fees Acc.)'),
  (2939,123,34364,'Lloyds TSB (Lloyds Current Account)'),
  (2940,123,34365,'Lloyds TSB (Lloyds Deposit Account)'),
  (2941,123,34366,'Lloyds TSB (Lloyds Premier Interest Account)'),
  (2942,123,34367,'Lloyds TSB (Lloyds US Dollar Account)'),
  (2943,123,34410,'Societe Generale EUR'),
  (2944,123,34411,'Societe Generale SEK'),
  (2945,123,34420,'Societe Generale USD'),
  (2946,123,34430,'Societe Generale GBP'),
  (2947,123,34440,'Societe Generale RUB'),
  (2948,123,34441,'Societe Generale RUB, Corp Card'),
  (2949,123,34450,'Societe Generale SGD'),
  (2950,123,34451,'Societe Generale DKK'),
  (2951,123,34500,'Deutsche Bank GBP'),
  (2952,123,34510,'Deutche Bank EUR'),
  (2953,123,34511,'Deutsche Bank# 061167300'),
  (2954,123,34515,'Deutche Bank USD'),
  (2955,123,34520,'Deutche Bank INR'),
  (2956,123,34521,'Deutsche Bank-Dividend'),
  (2957,123,34522,'HDFC Bank'),
  (2958,123,34523,'Fixed Deposit'),
  (2959,123,34550,'State bank of India INR'),
  (2960,123,34551,'OBC Bank INR'),
  (2961,123,34552,'Deutsche Bank ,Mumbai(Transcibernet)'),
  (2962,123,34553,'Deutsche Bank ,Singapore(Transcibernet)'),
  (2963,123,34554,'ICICI Bank INR (Transcibernet)'),
  (2964,123,34555,'HDFC Bank INR (Transcibernet)'),
  (2965,123,34556,'Merrill Lynch ( CB Holdings-1011730-5AX07130)'),
  (2966,123,34557,'Merrill Lynch ( Cibernet Corporation-1011730-5AX07120'),
  (2967,123,34558,'Wachovia Bank (Cibernet Corporation-2066701764593)'),
  (2968,123,34559,'Wachovia Bank (Cibernet Corporation-2000033037488)'),
  (2969,123,34560,'DBS Bank SGD'),
  (2970,123,34561,'HSBC SGD'),
  (2971,123,34562,'HSBC USD'),
  (2972,123,34563,'Wachovia Bank (Cibernet Corporation-04-039-123-0057423)'),
  (2973,123,34564,'Wachovia Bank #6832 (Cibernet Corporation)'),
  (2974,123,34565,'Merrill Lynch - CCT Dispute'),
  (2975,123,34566,'Deutsche Bank Singapore USD'),
  (2976,123,34570,'Citibank EUR'),
  (2977,123,34571,'Citibank USD'),
  (2978,123,34572,'Citibank AED'),
  (2979,123,34573,'Merrill Lynch (Mach RSB -5AX-02551)'),
  (2980,123,34580,'Sparkasse Trier EUR'),
  (2981,123,34581,'BBL EUR'),
  (2982,123,34582,'Banco Real USD'),
  (2983,123,34583,'Citibank Egypt'),
  (2984,123,34584,'NSGB Bank'),
  (2985,123,34590,'Time Deposit'),
  (2986,123,34591,'ING'),
  (2987,123,34592,'Earnmore Deposit'),
  (2988,123,34593,'Margin on BG'),
  (2989,123,34594,'L20 Cash & Bank Account'),
  (2990,123,34599,'BANKS'),
  (2991,123,35000,'PETTY CASH (DK)'),
  (2992,123,35010,'Cash DKK'),
  (2993,123,35015,'Cash DKK - Canteen'),
  (2994,123,35020,'Cash EUR'),
  (2995,123,35030,'Cash USD'),
  (2996,123,35040,'Cash GBP'),
  (2997,123,35045,'Cash SEK'),
  (2998,123,35050,'Cash CHF'),
  (2999,123,35055,'Cash RUB'),
  (3000,123,35060,'Cash NOK'),
  (3001,123,35070,'Cash ISK'),
  (3002,123,35080,'Cash EGP'),
  (3003,123,35090,'Cash SGD'),
  (3004,123,35100,'Cash HUF'),
  (3005,123,35110,'Cash CAD'),
  (3006,123,35120,'Cash CZK'),
  (3007,123,35130,'Cash UAH'),
  (3008,123,35140,'Cash SYP'),
  (3009,123,35150,'Cash LBP'),
  (3010,123,35160,'Cash EEK'),
  (3011,123,35170,'Cash BIM'),
  (3012,123,35180,'Cash AED'),
  (3013,123,35185,'Cash YUN'),
  (3014,123,35190,'Cash MTL'),
  (3015,123,35191,'Cash INR'),
  (3016,123,35192,'Cash Foreign Exchange'),
  (3017,123,35199,'PETTY CASH (DK)'),
  (3018,123,35200,'Bank'),
  (3019,123,35201,'Bank - EUR'),
  (3020,123,35202,'Bank - USD'),
  (3021,123,35203,'Bank - GBP'),
  (3022,123,35204,'Bank - AED'),
  (3023,123,35205,'Bank - SGD'),
  (3024,123,35206,'Bank - NOK'),
  (3025,123,35207,'Bank - INR'),
  (3026,123,35208,'Bank - DKK'),
  (3027,123,35209,'Bank - NZD'),
  (3028,123,35210,'Bank - SEK'),
  (3029,123,35999,'Cash and bank deposits'),
  (3030,23,39900,'CURRENT ASSETS'),
  (3031,23,39990,'ASSETS'),
  (3032,23,40000,'LIABILITIES'),
  (3033,23,40001,'EQUITY'),
  (3034,124,40100,'SHARE CAPITAL'),
  (3035,124,40110,'Share capital'),
  (3036,124,40199,'SHARE CAPITAL'),
  (3037,124,41000,'SHARE PREMIUM'),
  (3038,125,41010,'Prior year RE pre-aquisition'),
  (3039,124,41011,'Share premium'),
  (3040,111,41012,'CPEC'),
  (3041,112,41013,'PEC'),
  (3042,125,41014,'Legal Reserve'),
  (3043,124,41999,'SHARE PREMIUM'),
  (3044,125,42000,'RETAINED EARNINGS'),
  (3045,125,42010,'P&L from current year'),
  (3046,125,42020,'P&L from previous years'),
  (3047,126,42025,'Foreign currency translation reserve'),
  (3048,125,42040,'Net Wealth Tax Reserve'),
  (3049,125,42050,'Less: dividends'),
  (3050,125,42080,'Capital Redemption Reserve');

COMMIT;

#
# Data for the `account_local` table  (LIMIT 1000,500)
#

INSERT INTO `account_local` (`id`, `account_group_id`, `ax_account`, `name`) VALUES 
  (3051,125,42999,'RETAINED EARNINGS'),
  (3052,23,49999,'EQUITY'),
  (3053,127,51000,'PROVISIONS'),
  (3054,128,51100,'Provision for litigation'),
  (3055,120,51200,'Provision for deferred tax'),
  (3056,129,51250,'Provision for potential price reduction'),
  (3057,127,51300,'Other provisions'),
  (3058,127,51301,'Provision for FBT'),
  (3059,127,51302,'Provision for Retirement Benefits'),
  (3060,130,51303,'Provision for Tax Previous Year'),
  (3061,127,51304,'Lease Rent Equalisation Reserve'),
  (3062,127,51305,'Provision for restructuring'),
  (3063,127,51999,'PROVISIONS'),
  (3064,131,52099,'LONG-TERM OBLIGATIONS'),
  (3065,131,52100,'Loan > 1 years'),
  (3066,132,52150,'Accrued interests long term loan'),
  (3067,133,52200,'I/C Loan MACH ApS - Advent MACH Sarl'),
  (3068,133,52201,'I/C Loan WP R I - Advent MACH Sarl'),
  (3069,133,52202,'I/C Loan MACH Sarl - Advent MACH Sarl'),
  (3070,133,52203,'I/C Loan MACH Sarl - MACH Denmark'),
  (3071,133,52204,'I/C Loan MACH Sarl - WP R DK'),
  (3072,133,52205,'I/C Loan WP R III - WP R I'),
  (3073,134,52206,'PEC receivable (principal)'),
  (3074,134,52207,'PEC payable (principal)'),
  (3075,134,52208,'CPEC receivable (principal)'),
  (3076,134,52209,'CPEC payable (principal)'),
  (3077,135,52210,'PEC receivable (interest)'),
  (3078,135,52211,'PEC payable (interest)'),
  (3079,135,52212,'CPEC receivable (interest)'),
  (3080,135,52213,'CPEC payable (interest)'),
  (3081,133,52214,'I/C Loan WP I '),
  (3082,133,52215,'I/C Loan WPR I '),
  (3083,133,52216,'I/C Loan WP Roaming Denmark '),
  (3084,133,52217,'I/C Loan CB Holding '),
  (3085,133,52218,'I/C Loan WPR I ? WP Merger'),
  (3086,133,52219,'I/C LOAN WP R V- E2E VAS APS'),
  (3087,133,52220,'I/C Loan Interfact - Mach Sarl'),
  (3088,133,52221,'I/C Loan Mach Solution - Mach Sarl'),
  (3089,133,52222,'I/C Loan Mach USA - Mach Sarl'),
  (3090,133,52223,'I/C Loan Mach USA - CB Holdings'),
  (3091,133,52224,'I/C Loan WP R V - WP R III'),
  (3092,136,52300,'Other long-term payables'),
  (3093,134,52301,'Shareholder loan'),
  (3094,137,52302,'Long term portion of prepaid loan costs'),
  (3095,138,52303,'Longterm PIK interests'),
  (3096,133,52310,'Loan from affiliated companies'),
  (3097,139,52369,'Employee Annual Contri to Chambre des salaries'),
  (3098,23,52399,'LONG-TERM OBLIGATIONS'),
  (3099,23,52400,'SHORT-TERM OBLIGATIONS'),
  (3100,23,52500,'SHORT-TERM LOANS'),
  (3101,140,52510,'Loan < 1 years'),
  (3102,133,52520,'Short-term loan from Advent MACH'),
  (3103,133,52530,'Short-term loan from Societe Generale'),
  (3104,141,52531,'Current portion of prepaid loan costs'),
  (3105,127,52699,'SHORT-TERM LOANS'),
  (3106,134,52800,'Share Application Money'),
  (3107,142,53100,'TRADE ACCCOUNTS PAYABLE'),
  (3108,142,53110,'A/P EUR'),
  (3109,142,53120,'A/P DKK'),
  (3110,142,53130,'A/P USD'),
  (3111,142,53135,'A/P GBP'),
  (3112,142,53140,'A/P INR'),
  (3113,142,53150,'A/P Other currencies'),
  (3114,142,53155,'L2O Accounts Payable'),
  (3115,142,53160,'Invoice received - not booked'),
  (3116,142,53161,'Forreg modkonto'),
  (3117,138,53162,'Interest Payable'),
  (3118,142,53163,'Marketing Advisory Fee Payable'),
  (3119,142,53164,'R & D Fee Payable'),
  (3120,143,53165,'Advance Billing to Customers'),
  (3121,142,53170,'Expected credit notes'),
  (3122,23,53199,'TRADE ACCCOUNTS PAYABLE'),
  (3123,23,53200,'VAT AND OTHER CHARGES'),
  (3124,144,53210,'Output VAT'),
  (3125,144,53211,'Input VAT'),
  (3126,144,53212,'Input VAT (8%) NOR'),
  (3127,144,53215,'Non Lux VAT Recoverable'),
  (3128,144,53220,'Import VAT (credit)'),
  (3129,144,53221,'Import VAT (debit)'),
  (3130,144,53230,'EU supplier VAT (credit)'),
  (3131,144,53231,'EU supplier VAT (debit)'),
  (3132,144,53235,'Monthly VAT prepaid VAT'),
  (3133,144,53240,'Canteen VAT'),
  (3134,144,53250,'VAT on purchases intracommunit'),
  (3135,145,53251,'VAT on purchases intracommunit (Debit)'),
  (3136,144,53260,'Electricity duties'),
  (3137,144,53270,'CO2 duties'),
  (3138,144,53280,'VAT settlement'),
  (3139,144,53281,'Education Cess'),
  (3140,144,53282,'Service Tax Payable'),
  (3141,144,53283,'Service Tax recovered'),
  (3142,144,53284,'Current account VAT Administration'),
  (3143,23,53299,'VAT AND OTHER CHARGES'),
  (3144,1,53300,'TAXES AND OTHER CONTRIBUTIONS'),
  (3145,130,53305,'Corporate income tax'),
  (3146,130,53306,'MAT Credit (Asset)'),
  (3147,130,53307,'Accrued income tax'),
  (3148,130,53308,'Accrued income tax, Group companies'),
  (3149,130,53310,'Prepaid corporate income tax'),
  (3150,139,53311,'EDLI Charges Payable'),
  (3151,139,53312,'ESI Payable'),
  (3152,139,53313,'PF Admin Charges Payable'),
  (3153,144,53314,'VAT Payable'),
  (3154,130,53315,'Corporate income tax re customers'),
  (3155,130,53320,'Dividend tax paid'),
  (3156,146,53325,'Holiday Accrual current year'),
  (3157,146,53326,'Holiday Accrual current year -1'),
  (3158,146,53327,'Holiday Accrual current year -2'),
  (3159,146,53330,'Settlement of holiday accruals to external parties'),
  (3160,139,53335,'Social security contribution'),
  (3161,139,53340,'ATP payable'),
  (3162,139,53345,'Income tax on salaries'),
  (3163,139,53346,'Social tax'),
  (3164,139,53347,'AM contribution'),
  (3165,139,53348,'SP contribution'),
  (3166,139,53349,'Profession Tax'),
  (3167,1,53350,'Proposed Dividend'),
  (3168,1,53351,'TDS Rent'),
  (3169,1,53352,'TDS Advertisements'),
  (3170,1,53353,'TDS Consultants'),
  (3171,1,53354,'TDS Contractors'),
  (3172,147,53355,'Net salaries and pension payable'),
  (3173,1,53356,'TDS Dividends'),
  (3174,130,53357,'TDS Recovered'),
  (3175,144,53358,'Edn.Cess - Credit'),
  (3176,144,53359,'Secondary Edu.Cess Credit'),
  (3177,144,53360,'Secondary Education Cess Payable'),
  (3178,1,53361,'TDS on Interest'),
  (3179,1,53362,'TDS U/s 195'),
  (3180,1,53363,'Advance FBT 2006-07'),
  (3181,1,53364,'Advance FBT 2007-08'),
  (3182,1,53365,'TDS On Commission'),
  (3183,23,53399,'TAXES AND OTHER CONTRIBUTIONS'),
  (3184,23,53400,'COST ACCRUALS'),
  (3185,148,53405,'Accrued commission'),
  (3186,148,53406,'Sales Commision(internal accrual)'),
  (3187,147,53410,'Accrued salaries'),
  (3188,149,53420,'Accrued bonus'),
  (3189,1,53430,'Accrued for dismissals'),
  (3190,1,53440,'Accrued for heating and electricity'),
  (3191,1,53450,'Accrued insurance'),
  (3192,138,53460,'Accrued interests'),
  (3193,1,53470,'Other payables'),
  (3194,1,53471,'Labour Welfare Fund'),
  (3195,1,53475,'Item in transit'),
  (3196,1,53480,'Other cost accruals'),
  (3197,1,53481,'Provision for LTC'),
  (3198,1,53482,'Customer Deposits (treated as Current Liability)'),
  (3199,1,53498,'General accruals'),
  (3200,1,53499,'COST ACCRUALS'),
  (3201,23,53500,'OTHER ACCRUALS'),
  (3202,143,53510,'Pre-invoiced revenue'),
  (3203,118,53520,'Provision for credit notes'),
  (3204,1,53521,'LTA Payable'),
  (3205,143,53522,'Deferred income'),
  (3206,129,53530,'Provision for potential price reduction'),
  (3207,150,53550,'SWAP - Deffered income'),
  (3208,23,53599,'OTHER ACCRUALS'),
  (3209,120,53610,'Deferred tax liability'),
  (3210,151,53611,'Deferred tax asset'),
  (3211,130,53700,'Corporate Taxes - CT payable'),
  (3212,130,53701,'Corporate Taxes - Prior year tax charge'),
  (3213,130,53702,'Corporate Taxes - Current year tax charge'),
  (3214,130,53703,'Corporate Taxes - Tax Payments/Refunds'),
  (3215,130,53704,'Corporate Taxes - Transfers'),
  (3216,130,53705,'Corporate Taxes - Reserve Movements'),
  (3217,152,53710,'WHT - WHT payable b/fwd'),
  (3218,152,53711,'WHT - Prior year tax charge'),
  (3219,152,53712,'WHT - Current year tax charge'),
  (3220,152,53713,'WHT - Tax Payments/Refunds'),
  (3221,152,53714,'WHT - Transfers'),
  (3222,152,53715,'WHT - Reserve Movements'),
  (3223,120,53720,'Deferred Tax - DT provision b/fwd'),
  (3224,120,53721,'Deferred Tax - Prior year tax charge'),
  (3225,120,53722,'Deferred Tax - Current year tax charge'),
  (3226,120,53724,'Deferred Tax - Transfers'),
  (3227,120,53725,'Deferred Tax - Reserve Movements'),
  (3228,132,54000,'Short term loan'),
  (3229,132,54010,'Short term portion loan costs'),
  (3230,132,55000,'Long term loan'),
  (3231,132,55010,'Long term portion of loan costs'),
  (3232,114,55355,'Salary advance'),
  (3233,124,60000,'Share capital'),
  (3234,1,61000,'EMPLOYEES (DK)'),
  (3235,124,61006,'Share premium'),
  (3236,153,61020,'Foreign currency translations reserve - equity'),
  (3237,1,61100,'Kunstklub'),
  (3238,1,61101,'The Grape'),
  (3239,1,61200,'Pomfit''erne'),
  (3240,1,61300,'Haatetepe'),
  (3241,1,61400,'Request games'),
  (3242,1,61500,'Adventure'),
  (3243,1,61600,'Badminton'),
  (3244,1,61700,'Paraplyen'),
  (3245,1,61800,'Fodbold'),
  (3246,1,61900,'DNIF'),
  (3247,1,62000,'Golf'),
  (3248,153,62001,'Foreign currency translations reserve - equity'),
  (3249,153,62020,'Foreign currency translations reserve - equity'),
  (3250,1,62100,'Bowling'),
  (3251,1,62200,'Squash'),
  (3252,1,62201,'MPMS, MACH Progrator Music Society'),
  (3253,1,62300,'FitFight'),
  (3254,1,62999,'EMPLOYEES (DK)'),
  (3255,23,65999,'SHORT-TERM OBLIGATIONS'),
  (3256,23,66000,'LIABILITIES'),
  (3257,142,66001,'Settling of accounts'),
  (3258,23,68000,'SALARY ACCOUNTS'),
  (3259,1,68010,'Reversal account, salary'),
  (3260,1,68020,'AM-income'),
  (3261,1,68030,'AM-free income'),
  (3262,1,68110,'ATP Employee'),
  (3263,1,68120,'Pension employee'),
  (3264,1,68210,'Taxable car employee'),
  (3265,1,68220,'AMBI - fri telefon'),
  (3266,1,68810,'Credit: employee paid vaccation money'),
  (3267,1,68811,'Debit: employee paid vaccation money'),
  (3268,1,68820,'Debit: Non Taxable vaccation money'),
  (3269,1,68821,'Credit: Non Taxable vaccation money'),
  (3270,1,68999,'Salary accounts'),
  (3271,1,88802,'ERROR ACCOUNTS'),
  (3272,1,88887,'Error account - salary modul'),
  (3273,1,88888,'Error account - 2'),
  (3274,1,88889,'Error account'),
  (3275,154,89997,''),
  (3276,155,89998,''),
  (3277,156,89999,''),
  (3278,1,99900,'Faced out accounts'),
  (3279,1,9999999,'Opening Balance( Data Migration)'),
  (3280,1,99999997,'Konvertering kredit'),
  (3281,1,99999998,'Konvertering debet'),
  (3282,1,99999999,'Error account'),
  (4098,70,43434,'rere'),
  (4099,116,1,'test');

COMMIT;

#
# Data for the `admin_user` table  (LIMIT 0,500)
#

INSERT INTO `admin_user` (`id`, `username`, `password`, `email`, `is_active`) VALUES 
  (1,'acc','acc','accountant@example.com',0),
  (2,'admin','21232f297a57a5a743894a0e4a801fc3','administrator@example.com',1);

COMMIT;

#
# Data for the `currency` table  (LIMIT 0,500)
#

INSERT INTO `currency` (`iso3`) VALUES 
  ('BRL'),
  ('DKK'),
  ('EUR'),
  ('GBP'),
  ('INR'),
  ('NOK'),
  ('PLN'),
  ('RON'),
  ('SGD'),
  ('USD');

COMMIT;

#
# Data for the `company` table  (LIMIT 0,500)
#

INSERT INTO `company` (`id`, `name`, `currency_iso3`) VALUES 
  (1,'WP Roaming III S.à.r.l.','EUR'),
  (2,'WP Roaming I S.à.r.l.','EUR'),
  (3,'Advent MACH S.à.r.l','EUR'),
  (4,'MACH S.à.r.l.','EUR'),
  (5,'Globalport Sarl Lux (TO BE LIQUIDATED)','EUR'),
  (6,'Interfact Sarl','EUR'),
  (7,'Mach Germany','EUR'),
  (8,'Mach Poland Sp. z o.o.','PLN'),
  (9,'Terraplay','EUR'),
  (10,'MACH Americas Inc.','USD'),
  (11,'Mach Teledata Systems Pvt Ltd','INR'),
  (12,'International Telecomm. Ltd (ITML)','USD'),
  (13,'Mach Americas Ltda','BRL'),
  (14,'Mach India Pvt Ltd.','INR'),
  (15,'WP Roaming Denmark ApS','DKK'),
  (16,'MACH Denmark ApS','DKK'),
  (17,'MACH ApS','DKK'),
  (18,'MACH Solutions Ltd','GBP'),
  (19,'MACH Pte Ltd.','SGD'),
  (20,'Mach Russia','USD'),
  (21,'MACH FZ LLC','USD'),
  (22,'WP Roaming V S.à.r.l.','EUR'),
  (23,'End2End Connectivity ApS','EUR'),
  (24,'End2End VAS ApS','EUR'),
  (25,'End2End Connectivity G.m.b.h','EUR'),
  (26,'End2End VAS UK Ltd','EUR'),
  (27,'Cibernet PLC','GBP'),
  (28,'Cibernet Corporation','USD'),
  (29,'zzz 36','USD'),
  (30,'MACH Mobile solutions Pvt Ltd.','INR'),
  (31,'zzz 38','USD'),
  (32,'CB Holdings Inc.','USD'),
  (33,'WP Merger S a r l','EUR'),
  (34,'Gatetrade','DKK'),
  (35,'Atento','NOK'),
  (36,'ABC STAR 20','EUR');

COMMIT;

#
# Data for the `admin_user_company` table  (LIMIT 0,500)
#

INSERT INTO `admin_user_company` (`admin_user_id`, `company_id`) VALUES 
  (1,3),
  (1,36),
  (2,3),
  (2,31),
  (2,36);

COMMIT;

#
# Data for the `import` table  (LIMIT 0,500)
#

INSERT INTO `import` (`ax_account`, `accountname`, `MAPPING`) VALUES 
  (9999,'PROFIT AND LOSS','General accruals\r'),
  (10000,'INCOME','Revenue\r'),
  (10005,'Net revenue','Revenue\r'),
  (10100,'Roaming Solutions','DCH\r'),
  (10110,'BASIC','DCH\r'),
  (10111,'Invoiced','DCH\r'),
  (10112,'Provision - accrued revenue','DCH - accrued\r'),
  (10113,'Provision - credit notes','Provision - credit notes DCH\r'),
  (10114,'DCH Revenue','DCH\r'),
  (10119,'BASIC','DCH\r'),
  (10120,'MEDIUM','Revenue\r'),
  (10121,'Invoiced','DCH\r'),
  (10122,'Provision - accrued revenue','DCH - accrued\r'),
  (10123,'Provision - credit notes','Provision - credit notes DCH\r'),
  (10124,'FCH revenue','FCH\r'),
  (10129,'MEDIUM','DCH\r'),
  (10130,'ADVANCED','Revenue\r'),
  (10131,'Invoiced','DCH\r'),
  (10132,'Provision - accrued revenue','Provision - credit notes FCH\r'),
  (10133,'Estimated revenue','DCH - accrued\r'),
  (10134,'Invoiced Financial Clearing','FCH\r'),
  (10135,'FX gains','FCH\r'),
  (10136,'Bank Invik kick back','FCH\r'),
  (10137,'Income From Services','FCH\r'),
  (10138,'Estimated Revenue Financial Clearing','FCH - acccrued\r'),
  (10139,'ADVANCED','FCH\r'),
  (10140,'MACH SMS','Mach SMS\r'),
  (10141,'Invoiced Revenue','Mach SMS\r'),
  (10142,'Provision','Provision - credit notes SMS\r'),
  (10143,'Estimated Revenue','Mach SMS - accrued\r'),
  (10144,'Deferred revenue','Mach SMS\r'),
  (10149,'MACH SMS','Mach SMS\r'),
  (10150,'RSB','RSB\r'),
  (10151,'Invoiced','RSB\r'),
  (10152,'Provision','RSB\r'),
  (10153,'Estimated Revenue','RSB - accrued\r'),
  (10154,'Deferred Revenue','RSB\r'),
  (10155,'Net Settlement Revenue','RSB\r'),
  (10159,'RSB','RSB\r'),
  (10179,'Roaming Solutions','DCH\r'),
  (10180,'End2End','End2End\r'),
  (10181,'VAS','VAS\r'),
  (10182,'Connectivity','Connectivity\r'),
  (10189,'End2End','End2End\r'),
  (10190,'MACH Customer Service (MCS)','MCS\r'),
  (10191,'MCS - Invoiced Revenue','MCS\r'),
  (10192,'MCS - Estimated Revenue','MCS - accrued\r'),
  (10193,'MCS - Deferred Revenue','MCS\r'),
  (10194,'MCS - Accrued Revenue','MCS - accrued\r'),
  (10195,'MCS - Provision for Credit Notes','Provision credit notes - MCS\r'),
  (10196,'MACH Customer Service (MCS)','MCS\r'),
  (10200,'Progrator','Progrator Gatetrade\r'),
  (10210,'NETWORK SERVICES','Progrator Gatetrade\r'),
  (10211,'Invoiced','Progrator Gatetrade\r'),
  (10212,'Provision - accrued revenue','Progrator Gatetrade -accrued\r'),
  (10213,'Provision - credit notes','Provision - credit notes Gatetrade\r'),
  (10219,'NETWORK SERVICES','Progrator Gatetrade\r'),
  (10220,'SOFTWARE SERVICES','Progrator Gatetrade\r'),
  (10221,'Invoiced','Progrator Gatetrade\r'),
  (10222,'Provision - accrued revenue','Progrator Gatetrade -accrued\r'),
  (10223,'Provision - credit notes','Provision - credit notes Gatetrade\r'),
  (10229,'SOFTWARE SERVICES','Progrator Gatetrade\r'),
  (10230,'PROFESSIONAL SERVICES','Progrator Gatetrade\r'),
  (10231,'Invoiced','Progrator Gatetrade\r'),
  (10232,'Provision - accrued revenue','Progrator Gatetrade -accrued\r'),
  (10233,'Provision - credit notes','Provision - credit notes Gatetrade\r'),
  (10239,'PROFESSIONAL SERVICES','Progrator Gatetrade\r'),
  (10240,'SUBSCRIPTION SERVICES','Progrator Gatetrade\r'),
  (10241,'Invoiced','Progrator Gatetrade\r'),
  (10243,'Estimated revenue - Progrator','Progrator Gatetrade -accrued\r'),
  (10249,'SUBSCRIPTION SERVICES','Progrator Gatetrade\r'),
  (10250,'GATETRADE SERVICES','Progrator Gatetrade\r'),
  (10251,'Invoiced','Progrator Gatetrade\r'),
  (10252,'Provision - accrued revenue','Progrator Gatetrade\r'),
  (10259,'GATETRADE SERVICES','Progrator Gatetrade\r'),
  (10298,'Progrator','Progrator Gatetrade\r'),
  (10310,'GROUP COMPANIES','\r'),
  (10311,'Revenue/commision from group companies','Intercompany PL\r'),
  (10319,'REVENUE GROUP COMPANIES','\r'),
  (10410,'INVOICE ALLOWANCE/DISCOUNTS','Trade allowance\r'),
  (10411,'Trade allowance','Trade allowance\r'),
  (10419,'INVOICE ALLOWANCE/DISCOUNTS','Trade allowance\r'),
  (10500,'Financial Clearing','FCH\r'),
  (10510,'Invoiced Financial Clearing','FCH\r'),
  (10519,'Financial Clearing','FCH\r'),
  (10600,'Interfact','Interfact\r'),
  (10610,'Invoiced Revenue Interfact','Interfact\r'),
  (10620,'Estimated revenue Interfact','Interfact -accrued\r'),
  (10630,'Deferred revenue Interfact','Interfact\r'),
  (10640,'Provision credit notes Interfact','Provision credit notes Interfact\r'),
  (10710,'Invoiced revenue - L2O','Link2One\r'),
  (10720,'Estimated revenue - L2O','L2O - accrued\r'),
  (10730,'Deferred revenue - L2O','Link2One\r'),
  (10740,'Provision credit notes - L2O','Provision credit notes - L2O\r'),
  (10810,'Invoiced Revenue (CDMA)','DCH\r'),
  (10811,'Estimated Revenue (CDMA)','DCH - accrued\r'),
  (10812,'Provision for Credit Notes (CDMA)','Provision - credit notes DCH\r'),
  (10813,'Deferred Revenue (CDMA)','DCH\r'),
  (10814,'Net Settlement Revenue (CDMA)','DCH\r'),
  (10899,'Net revenue','\r'),
  (10900,'Other income','FCH\r'),
  (10901,'Other Income','Staff costs\r'),
  (10904,'Renumeration in kind 19% UST','Staff costs\r'),
  (10908,'Income from consultancy','Staff costs\r'),
  (10910,'Income from training/courses','DCH\r'),
  (10911,'Other operating revenue','DCH - direct costs\r'),
  (10912,'Income from sales of assets','DCH - direct costs\r'),
  (10913,'Management fee from group companies','Intercompany PL\r'),
  (10914,'Other income from group companies','Intercompany PL\r'),
  (10915,'Extraordinary income','DCH - direct costs\r'),
  (10916,'Income from trials/lawsuits','DCH - direct costs\r'),
  (10917,'Markup Development, income','Intercompany PL\r'),
  (10919,'Other income','DCH\r'),
  (10920,'Revenue Account -Domestic Export','DCH\r'),
  (10921,'Interco revenue - Other Staff costs','Intercompany PL\r'),
  (10922,'Interco revenue - Administration','Intercompany PL\r'),
  (10923,'Interco revenue - IT&Tele','Intercompany PL\r'),
  (10924,'Interco revenue - Office expenses','Intercompany PL\r'),
  (10925,'Interco revenue - Professional services','Intercompany PL\r'),
  (10926,'Interco revenue - Travel  costs','Intercompany PL\r'),
  (10927,'Interco revenue - Marketing','Intercompany PL\r'),
  (10928,'Interco revenue - Wages','Intercompany PL\r'),
  (10929,'Intercompany revenue','Intercompany PL\r'),
  (10930,'Interest revenue of loans to affiliates','Intercompany interest\r'),
  (10949,'InterCompany Revenue','Intercompany PL\r'),
  (10999,'INCOME','\r'),
  (19001,'REVENUE I/C WP Roaming III Sarl','Intercompany PL\r'),
  (19002,'REVENUE I/C WP Roaming I Sarl','Intercompany PL\r'),
  (19003,'REVENUE I/C Advent MACH S','Intercompany PL\r'),
  (19004,'REVENUE I/C MACH S','Intercompany PL\r'),
  (19005,'REVENUE I/C Globalport LUX','Intercompany PL\r'),
  (19006,'REVENUE I/C Interfact S.A.','Intercompany PL\r'),
  (19007,'REVENUE I/C MACH Germany','Intercompany PL\r'),
  (19008,'REVENUE I/C MACH Poland sp z.o.o.','Intercompany PL\r'),
  (19009,'REVENUE I/C Terraplay Systems AB','Intercompany PL\r'),
  (19010,'REVENUE I/C MACH USA','Intercompany PL\r'),
  (19011,'REVENUE I/C MTS','Intercompany PL\r'),
  (19012,'REVENUE I/C ITML','Intercompany PL\r'),
  (19013,'REVENUE I/C MACH Brazil','Intercompany PL\r'),
  (19014,'REVENUE I/C MACH India','Intercompany PL\r'),
  (19015,'REVENUE I/C WP Roaming Denmark','Intercompany PL\r'),
  (19016,'REVENUE I/C MACH Denmark','Intercompany PL\r'),
  (19017,'REVENUE I/C MACH ApS','Intercompany PL\r'),
  (19018,'REVENUE I/C MACH Solutions Ltd.','Intercompany PL\r'),
  (19019,'REVENUE I/C MACH Pte Ltd','Intercompany PL\r'),
  (19020,'REVENUE I/C MACH Russia','Intercompany PL\r'),
  (19021,'REVENUE I/C MACH FZ-LLC','Intercompany PL\r'),
  (19022,'REVENUE I/C WP Roaming V Sarl','Intercompany PL\r'),
  (19023,'REVENUE I/C End2End Connectivity ApS','Intercompany PL\r'),
  (19024,'REVENUE I/C End2End VAS ApS','Intercompany PL\r'),
  (19025,'REVENUE I/C End2End Connectivity GMBH','Intercompany PL\r'),
  (19026,'REVENUE I/C End2End VAS Ltd.','Intercompany PL\r'),
  (19027,'REVENUE I/C Cibernet PLC','Intercompany PL\r'),
  (19028,'REVENUE I/C Cibernet Corporation','Intercompany PL\r'),
  (19029,'REVENUE I/C Cyprus Holdings','Intercompany PL\r'),
  (19030,'REVENUE I/C Trans Cibernet India','Intercompany PL\r'),
  (19031,'REVENUE I/C Trans Cibernet Cyprus','Intercompany PL\r'),
  (19032,'REVENUE I/C CB Holdings','Intercompany PL\r'),
  (19033,'REVENUE I/C WP Merger Sarl','Intercompany PL\r'),
  (19034,'REVENUE I/C  Progrator|gatetrade','Intercompany PL\r'),
  (19035,'REVENUE I/C Atento','Intercompany PL\r'),
  (19036,'REVENUE I/C L2O','Intercompany PL\r'),
  (20000,'OPERATING EXPENSES','\r'),
  (20001,'Direct costs','\r'),
  (20110,'ROAMING SOLUTIONS','DCH - direct costs\r'),
  (20111,'Commission','DCH - direct costs\r'),
  (20112,'Direct costs Financial Clearing','FCH - direct costs\r'),
  (20113,'Transaction costs','DCH - direct costs\r'),
  (20114,'Commission to group companies','Intercompany PL\r'),
  (20115,'Direct costs courses/training','DCH - direct costs\r'),
  (20116,'Travel expenses invoiced to customers','DCH - direct costs\r'),
  (20117,'Markup Development, expense','Intercompany PL\r'),
  (20118,'Other expenses from group companies','Intercompany PL\r'),
  (20119,'ROAMING SOLUTIONS','DCH - direct costs\r'),
  (20120,'Direct costs DCH','DCH - direct costs\r'),
  (20121,'Interco expenses - Other Staff costs','Intercompany PL\r'),
  (20122,'Interco expenses - Administration','Intercompany PL\r'),
  (20123,'Interco expenses - IT&Tele','Intercompany PL\r'),
  (20124,'Interco expenses - Office expenses','Intercompany PL\r'),
  (20125,'Interco expenses - Professional services','Intercompany PL\r'),
  (20126,'Interco expenses - Travel  costs','Intercompany PL\r'),
  (20127,'Interco expenses - Marketing','Intercompany PL\r'),
  (20128,'Interco expenses - Wages','Intercompany PL\r'),
  (20129,'Interco expenses - capitalised professional fees','Capitalised professional fees\r'),
  (20130,'Interco expenses - capitalised office costs (overhead)','Capitalised other costs\r'),
  (20131,'Interco expenses - capitalised salary','Capitalised salary\r'),
  (20132,'Intercompany expenses','Intercompany PL\r'),
  (20133,'Foreign GST & VAT costs','Administration\r'),
  (20149,'InterCompany expenses','Intercompany PL\r'),
  (20210,'PROGRATOR','Progrator Gatetrade -direct costs\r'),
  (20211,'Agent commission','Progrator Gatetrade -direct costs\r'),
  (20212,'License fees','Progrator Gatetrade -direct costs\r'),
  (20213,'Transaction costs','Progrator Gatetrade -direct costs\r'),
  (20214,'Other equipment','Progrator Gatetrade -direct costs\r'),
  (20215,'Subcontractors','Progrator Gatetrade -direct costs\r'),
  (20219,'PROGRATOR','Progrator Gatetrade -direct costs\r'),
  (20300,'END2END','\r'),
  (20310,'Commission End2End','VAS - direct costs\r'),
  (20311,'Transaction costs End2End','Connectivity -direct costs\r'),
  (20319,'END2END Total','\r'),
  (20911,'ISR cost of sales','RSB - direct costs\r'),
  (20912,'ISR Direct cost of sim card sales','RSB - direct costs\r'),
  (20913,'ISR Fixed direct costs','RSB - direct costs\r'),
  (20999,'Direct costs','\r'),
  (22000,'Staff costs','Wages\r'),
  (22100,'STAFF COSTS','Staff costs\r'),
  (22110,'Net salaries','Wages\r'),
  (22111,'Salaries for dismissals','Staff costs\r'),
  (22112,'Provision salaries for dismissals','Staff costs\r'),
  (22113,'Net salaries, accrual','Wages\r'),
  (22120,'Bonus','Bonus expense\r'),
  (22121,'Bonus, accruals','Bonus expense\r'),
  (22122,'Bonus for dismissals','Bonus expense\r'),
  (22123,'Accrued bonus for dismissals','Bonus expense\r'),
  (22130,'Vacation pay','Holliday accruals expense\r'),
  (22131,'Vacation pay, accrual current year','Holliday accruals expense\r'),
  (22132,'Capitalized salaries','Capitalised salary\r'),
  (22133,'Vacation pay, accrual used','Holliday accruals expense\r'),
  (22134,'Personnel - relocation','Staff costs\r'),
  (22140,'Pension contribution','Social and security expense\r'),
  (22141,'Pension contribution, accruals','Social and security expense\r'),
  (22142,'Company Life Insurance','Social and security expense\r'),
  (22143,'Company Life Insurance, adjustments','Social and security expense\r'),
  (22150,'Compensation for retirement','Social and security expense\r'),
  (22151,'Reimbursements','Staff costs\r'),
  (22152,'2 first days of unemployment','Staff costs\r'),
  (22153,'Income taxes employees','Social and security expense\r'),
  (22154,'Germany & Florida salaries','Wages\r'),
  (22155,'MACH FZ LLC salaries','Wages\r'),
  (22156,'Employers Contribution to PF','Social and security expense\r'),
  (22157,'Gratuity','Social and security expense\r'),
  (22158,'Leave Encashment','Social and security expense\r'),
  (22159,'LTC','Social and security expense\r'),
  (22160,'Medical Reimbursments','Staff costs\r'),
  (22161,'Telephones -Salary','Staff costs\r'),
  (22162,'Employee State Insurance','Social and security expense\r'),
  (22163,'Leave Salary','Staff costs\r'),
  (22164,'Sales Commision(internalexp)','Sales commission expense\r'),
  (22165,'Sales Commission Accruals','Sales commission expense\r'),
  (22199,'STAFF COSTS','Staff costs\r'),
  (22999,'Staff costs','Staff costs\r'),
  (23000,'Other external expenses','Staff costs\r'),
  (23100,'OTHER STAFF COSTS','Other staff costs\r'),
  (23110,'Social security employees','Social and security expense\r'),
  (23111,'Employer apprentice reimbursement','Other staff costs\r'),
  (23112,'Swedish AG contribution','Social and security expense\r'),
  (23113,'ATP financing contribution','Social and security expense\r'),
  (23114,'Employers ATP contribution','Social and security expense\r'),
  (23115,'Social taxes','Social and security expense\r'),
  (23120,'Company arrangements','Other staff costs\r'),
  (23121,'Recruitment','Recruitment fees\r'),
  (23122,'Presents employees','Other staff costs\r'),
  (23123,'Management training','Other staff costs\r'),
  (23124,'Employee training','Other staff costs\r'),
  (23125,'Magazines to employees','Other staff costs\r'),
  (23126,'Temporary help','Other staff costs\r'),
  (23127,'Capitalized Staff Costs','Capitalised salary\r'),
  (23130,'Canteen articles','Other staff costs\r'),
  (23131,'Canteen sale','Other staff costs\r'),
  (23132,'Canteen arrangement, income','Other staff costs\r'),
  (23133,'Canteen, VAT','Other staff costs\r'),
  (23134,'Luncheon Vouchers','Other staff costs\r'),
  (23140,'Other staff costs','Other staff costs\r'),
  (23141,'Festival Celebrations','Other staff costs\r'),
  (23142,'Staff Entertainment','Other staff costs\r'),
  (23143,'Staff Welfare','Other staff costs\r'),
  (23144,'PF Admn Charges','Social and security expense\r'),
  (23145,'Night Shift allowance','Other staff costs\r'),
  (23146,'Local Conveyance-Non Technical','Other staff costs\r'),
  (23198,'Other staff costs','Other staff costs\r'),
  (23199,'OTHER STAFF COSTS','Other staff costs\r'),
  (23200,'ADMINISTRATION','Administration\r'),
  (23211,'Office supplies','Administration\r'),
  (23212,'Newspapers, magazines and books','Administration\r'),
  (23213,'Shipment and postage','Shipment and postage\r'),
  (23214,'Subscriptions','Administration\r'),
  (23215,'Penalties and Fines','Penalties and Fines\r'),
  (23220,'Small assets office (tax limit 11 tkr., 1.480 EUR)','Administration\r'),
  (23221,'Small assets office (over 11 tkr / under 40 tkr)','Administration\r'),
  (23230,'Insurances','Insurance \r'),
  (23231,'Audit fees','Audit fees \r'),
  (23240,'Gain/loss on disposal of investment','Gain/loss on disposal \r'),
  (23250,'Bad debt provision','Bad debt provision\r'),
  (23251,'Realized loss on bad debt','Bad debt provision\r'),
  (23260,'Payment differences','Penalties and Fines\r'),
  (23261,'Compensation to customers','Penalties and Fines\r'),
  (23262,'Assets provided (TDS)','Administration\r'),
  (23263,'Assets written off ( TDS','Administration\r'),
  (23264,'Data Clearing SLA Penalty','Penalties and Fines\r'),
  (23265,'Financial Clearing SLA Penalty','Penalties and Fines\r'),
  (23298,'Administration costs','Administration\r'),
  (23299,'ADMINISTRATION','Administration\r'),
  (23300,'IT & TELE COSTS','IT & Tele costs\r'),
  (23310,'Telephone fixed (office)','IT & Tele costs\r'),
  (23311,'Telephone mobile','IT & Tele costs\r'),
  (23312,'Telephone fixed (home)','IT & Tele costs\r'),
  (23313,'Internet connection (home)','IT & Tele costs\r'),
  (23320,'Hardware leasing','IT & Tele costs\r'),
  (23321,'Small assets hardware (tax limit 11 tkr., 1.480 EUR)','IT & Tele costs\r'),
  (23322,'Small assets hardware (over 11 tkr / under 40 tkr','IT & Tele costs\r'),
  (23330,'Maintenance, hardware','IT & Tele costs\r'),
  (23331,'Maintenance, software','IT & Tele costs\r'),
  (23332,'Other maintenance','IT & Tele costs\r'),
  (23340,'Fixed lines operation','IT & Tele costs\r'),
  (23350,'Software licenses','IT & Tele costs\r'),
  (23351,'Hire Charges-Computer','IT & Tele costs\r'),
  (23352,'Capitalized Software & Licenses','Capitalised professional fees\r'),
  (23398,'IT & Tele costs','IT & Tele costs\r'),
  (23399,'IT & TELE COSTS','IT & Tele costs\r'),
  (23400,'OFFICE EXPENSES','Office costs\r'),
  (23410,'Office rental','Lease and rent expense\r'),
  (23411,'Capitalized rental costs','Office costs\r'),
  (23412,'Electricity','Office costs\r'),
  (23413,'Heating costs','Office costs\r'),
  (23414,'Other Rental Expenses','Lease and rent expense\r'),
  (23420,'Relocation costs','Office costs\r'),
  (23430,'Other office expenses','Office costs\r'),
  (23431,'Fringe Benefit Tax','Office costs\r'),
  (23432,'Security Expenses','Office costs\r'),
  (23433,'Prior Period Expenses','Office costs\r'),
  (23440,'Meals & Entertainment 100% deductible','Office costs\r'),
  (23499,'OFFICE EXPENSES','Office costs\r'),
  (23500,'PROFESSIONAL SERVICES','Professional fees\r'),
  (23510,'Professional fees used for development','Professional fees\r'),
  (23511,'Capitalized professional fees','Capitalised professional fees\r'),
  (23512,'Professional fees','Professional fees\r'),
  (23520,'Legal fees','Legal fees\r'),
  (23521,'Legal fees - patents & trademarks','Legal fees\r'),
  (23522,'Legal fees - commerical contracts','Legal fees\r'),
  (23523,'legal fees - corporate matters','Legal fees\r'),
  (23524,'legal fees - employee litigation','Legal fees\r'),
  (23530,'Professional fees, auditors','Audit fees \r'),
  (23531,'Taxation Services','Tax fees\r'),
  (23540,'BoD fees','Bod fees\r'),
  (23550,'Professional fees, dismissals','Professional fees\r'),
  (23598,'Professional service','Professional fees\r'),
  (23599,'PROFESSIONAL SERVICES','Professional fees\r'),
  (23600,'TRAVEL & TRANSPORT','Travel & transport\r'),
  (23601,'Food Exps Domestic Technical','Other staff costs\r'),
  (23602,'Local Conveyance-Technical','Travel & transport\r'),
  (23604,'Stay Expenses Domestic-Technical','Travel & transport\r'),
  (23605,'Travel air & hotel - internal travels','Travel & transport\r'),
  (23606,'Travel Fare Domestic-Technical','Travel & transport\r'),
  (23607,'Food Exps Foreign Technical','Travel & transport\r'),
  (23608,'Other Expenses Foreign-Technical','Travel & transport\r'),
  (23609,'Overseas Medical Insurance-Technical','Travel & transport\r'),
  (23610,'Travel air & hotel - external travels','Travel & transport\r'),
  (23611,'Non-taxable transport (salary)','Travel & transport\r'),
  (23612,'Taxable transport','Travel & transport\r'),
  (23613,'Stay Expenses Foreign-Technical','Travel & transport\r'),
  (23614,'Travel Fare Foreign-Technical','Travel & transport\r'),
  (23615,'Visa Fees-Technical','Travel & transport\r'),
  (23616,'Hotel Expenses - Internal','Travel & transport\r'),
  (23617,'Hotel Expenses - External','Travel & transport\r'),
  (23618,'Hotel / DA Forex Expns - Internal','Travel & transport\r'),
  (23619,'Hotel/DA Forex Expns-External','Travel & transport\r'),
  (23620,'Car leases','Lease and rent expense\r'),
  (23630,'Cars, maintenance and petrol','Lease and rent expense\r'),
  (23640,'Transport and other car expenses','Travel & transport\r'),
  (23641,'Food Exps Domestic Non Technical','Travel & transport\r'),
  (23642,'Other Expenses Domestic-Non Technical','Travel & transport\r'),
  (23643,'Stay Expenses Domestic-Non Technical','Travel & transport\r'),
  (23644,'Travel Fare Domestic-Non Technical','Travel & transport\r'),
  (23645,'Food Exps Foreign Non Technical','Travel & transport\r'),
  (23646,'Other Expenses Foreign-Non Technical','Travel & transport\r'),
  (23647,'Overseas Medical Insurance - Non Technical','Travel & transport\r'),
  (23648,'Stay Expenses Foreign-Non Technical','Travel & transport\r'),
  (23649,'Travel Fare Foreign-Non Technical','Travel & transport\r'),
  (23650,'Visa Fees - Non Technical','Travel & transport\r'),
  (23660,'Meals & Entertainment 50% deductible','Travel & transport\r'),
  (23661,'Meals & Entertainment 30% non deductible','Travel & transport\r'),
  (23699,'TRAVEL & TRANSPORT','Travel & transport\r'),
  (23700,'MARKETING','Marketing\r'),
  (23710,'Corporate','Marketing\r'),
  (23720,'Roaming Solutions','Marketing\r'),
  (23730,'Progrator','Marketing\r'),
  (23740,'Representation costs','Marketing\r'),
  (23741,'Training held for paying customers','Marketing\r'),
  (23746,'Presents up to a value of 35 Euro deductible','Marketing\r'),
  (23747,'Presents above a value of 35 Euro non deductible','Marketing\r'),
  (23750,'Events','Marketing\r'),
  (23751,'Marketing Material Collateral','Marketing\r'),
  (23752,'Industry Association Membership','Marketing\r'),
  (23753,'Online Activities','Marketing\r'),
  (23754,'Campaign','Marketing\r'),
  (23755,'Product Advertisement','Marketing\r'),
  (23756,'Public Relations','Marketing\r'),
  (23757,'Branding','Marketing\r'),
  (23758,'Channel Communications & Training','Marketing\r'),
  (23759,'Market Research','Marketing\r'),
  (23798,'Marketing costs','Marketing\r'),
  (23799,'MARKETING','Marketing\r'),
  (23800,'EXPENSES TO GROUP COMPANIES','Intercompany PL\r'),
  (23810,'Management fee to group companies','Intercompany PL\r'),
  (23820,'Other expenses paid to group companies','Intercompany PL\r'),
  (23899,'EXPENSES TO GROUP COMPANIES','Intercompany PL\r'),
  (23996,'Intercompany revenue','Intercompany PL\r'),
  (23997,'Other external expenses','Professional fees\r'),
  (23998,'OPERATING EXPENSES','\r'),
  (23999,'EBITDA','\r'),
  (24000,'DEPRECIATIONS','\r'),
  (24100,'INTANGIBLE ASSETS','\r'),
  (24110,'Goodwill','Amortisation of goodwill\r'),
  (24120,'Development costs','Amortisation of development costs\r'),
  (24130,'Formation expenses','Amortisation of formation expenses\r'),
  (24140,'Software','Amortisation of software\r'),
  (24150,'Amortization of customer contracts','Amortisation of customer contracts\r'),
  (24160,'Brand Name','Amortisation of brand name\r'),
  (24170,'Know How','Amortisation of know-how\r'),
  (24180,'Other intangible asset','Amortisation of other intangible assets\r'),
  (24181,'Investment Impairment expense','Impairment expense on inv/goodwill\r'),
  (24198,'Depreciations intangibles','\r'),
  (24199,'INTANGIBLE ASSETS','\r'),
  (24200,'TANGIBLE ASSETS','\r'),
  (24210,'Hardware','Depreciation of hardware\r'),
  (24220,'Cars','Depreciation of cars\r'),
  (24230,'Fixtures and equipments','Depreciation of fixtures and equipments\r'),
  (24240,'Leasehold improvements','Depreciation of leasehold improvements\r'),
  (24298,'Amotisation goodwill and customers contracts','\r'),
  (24299,'TANGIBLE ASSETS','\r'),
  (24998,'DEPRECIATIONS','\r'),
  (24999,'INCOME BEFORE FINANCIAL ITEMS','\r'),
  (25000,'FINANCIAL ITEMS','\r'),
  (25100,'INTEREST INCOME','\r'),
  (25110,'Interests received, taxable','Bank interest\r'),
  (25120,'Interests received, not taxable','Bank interest\r'),
  (25130,'Interests receiced, group companies','Intercompany interest PEC/CPEC\r'),
  (25199,'INTEREST INCOME','\r'),
  (25200,'INTEREST EXPENSE','\r'),
  (25210,'Interest expense, deductiable','Bank interest\r'),
  (25220,'Interest expense, not deductiable','Bank interest\r'),
  (25230,'Penalty interest','Financial expenses\r'),
  (25240,'Interest on bankloan','Interest on bank loan\r'),
  (25250,'Interests paid to group companies','Intercompany interest PEC/CPEC\r'),
  (25299,'INTEREST EXPENSE','\r'),
  (25300,'OTHER FINANCIAL ITEMS, NET','\r'),
  (25310,'P&L from subsidiaries','\r'),
  (25320,'Bank charges','Bank charges\r'),
  (25330,'Bank commitment fees','Bank commitment fees\r'),
  (25340,'Other bank fees','Bank charges\r'),
  (25350,'Amortization on loan fees','Amortisation of loan fees\r'),
  (25370,'Dividens received','Dividends received/delcared\r'),
  (25380,'FX gain/loss','Forex net\r'),
  (25381,'FX gain/loss group','Forex net\r'),
  (25385,'Gain/loss on disposal of affiliated companies','Gain/loss on disposal \r'),
  (25390,'Other financial items','Financial expenses\r'),
  (25391,'Other, Redundancy','Staff costs\r'),
  (25392,'Settlements','Exceptional items\r'),
  (25395,'SWAP Reserve','\r'),
  (25397,'IFRS Adjustments','\r'),
  (25399,'OTHER FINANCIAL ITEMS, NET','\r'),
  (25400,'Dividend from group companies','Dividends received/delcared\r'),
  (25402,'Fx gain/loss group','Forex net\r'),
  (25410,'Interest of loans to affiliates','Intercompany interest\r'),
  (25998,'FINANCIAL ITEMS','\r'),
  (25999,'INCOME BEFORE TAX','\r'),
  (26000,'OTHER P&L ITEMS','\r'),
  (26100,'INCOME TAXES','Corporate tax\r'),
  (26110,'Current income tax','Corporate tax\r'),
  (26111,'Solidarity tax','Corporate tax\r'),
  (26112,'Interest income tax','Corporate tax\r'),
  (26113,'Solidarity tax on interest income tax','Corporate tax\r'),
  (26114,'Trade income tax','Corporate tax\r'),
  (26115,'MAT Credit','Corporate tax\r'),
  (26120,'Deferred income tax','Deferred taxes\r'),
  (26130,'Income tax, previous years','Corporate tax\r'),
  (26131,'Solidarity tax previous years','Corporate tax\r'),
  (26132,'Trade tax previous years','Corporate tax\r'),
  (26140,'Other taxes','Other taxes\r'),
  (26150,'Deferred income tax','Deferred taxes\r'),
  (26160,'CT - Profit & Loss','Corporate tax\r'),
  (26161,'WHT - Profit & Loss','Withholding tax\r'),
  (26162,'DT - Profit & Loss','Deferred taxes\r'),
  (26199,'INCOME TAXES','Corporate tax\r'),
  (26999,'OTHER P&L ITEMS','\r'),
  (29001,'EXPENSE I/C WP Roaming III Sarl','Intercompany PL\r'),
  (29002,'EXPENSE I/C WP Roaming I Sarl','Intercompany PL\r'),
  (29003,'EXPENSE I/C Advent MACH S','Intercompany PL\r'),
  (29004,'EXPENSE I/C MACH S','Intercompany PL\r'),
  (29005,'EXPENSE I/C Globalport LUX','Intercompany PL\r'),
  (29006,'EXPENSE I/C Interfact S.A.','Intercompany PL\r'),
  (29007,'EXPENSE I/C MACH Germany','Intercompany PL\r'),
  (29008,'EXPENSE I/C MACH Poland sp z.o.o.','Intercompany PL\r'),
  (29009,'EXPENSE I/C Terraplay Systems AB','Intercompany PL\r'),
  (29010,'EXPENSE I/C MACH USA','Intercompany PL\r'),
  (29011,'EXPENSE I/C MTS','Intercompany PL\r'),
  (29012,'EXPENSE I/C ITML','Intercompany PL\r'),
  (29013,'EXPENSE I/C MACH Brazil','Intercompany PL\r'),
  (29014,'EXPENSE I/C MACH India','Intercompany PL\r'),
  (29015,'EXPENSE I/C WP Roaming Denmark','Intercompany PL\r'),
  (29016,'EXPENSE I/C MACH Denmark','Intercompany PL\r'),
  (29017,'EXPENSE I/C MACH ApS','Intercompany PL\r'),
  (29018,'EXPENSE I/C MACH Solutions Ltd.','Intercompany PL\r'),
  (29019,'EXPENSE I/C MACH Pte Ltd','Intercompany PL\r'),
  (29020,'EXPENSE I/C MACH Russia','Intercompany PL\r'),
  (29021,'EXPENSE I/C MACH FZ-LLC','Intercompany PL\r'),
  (29022,'EXPENSE I/C WP Roaming V Sarl','Intercompany PL\r'),
  (29023,'EXPENSE I/C End2End Connectivity ApS','Intercompany PL\r'),
  (29024,'EXPENSE I/C End2End VAS ApS','Intercompany PL\r'),
  (29025,'EXPENSE I/C End2End Connectivity GMBH','Intercompany PL\r');

COMMIT;

#
# Data for the `import` table  (LIMIT 500,500)
#

INSERT INTO `import` (`ax_account`, `accountname`, `MAPPING`) VALUES 
  (29026,'EXPENSE I/C End2End VAS Ltd.','Intercompany PL\r'),
  (29027,'EXPENSE I/C Cibernet PLC','Intercompany PL\r'),
  (29028,'EXPENSE I/C Cibernet Corporation','Intercompany PL\r'),
  (29029,'EXPENSE I/C Cyprus Holdings','Intercompany PL\r'),
  (29030,'EXPENSE I/C Trans Cibernet India','Intercompany PL\r'),
  (29031,'EXPENSE I/C Trans Cibernet Cyprus','Intercompany PL\r'),
  (29032,'EXPENSE I/C CB Holdings','Intercompany PL\r'),
  (29033,'EXPENSE I/C WP Merger Sarl','Intercompany PL\r'),
  (29034,'EXPENSE I/C  Progrator|gatetrade','Intercompany PL\r'),
  (29035,'EXPENSE I/C Atento','Intercompany PL\r'),
  (29036,'EXPENSE I/C L2O','Intercompany PL\r'),
  (29999,'PROFIT AND LOSS','\r'),
  (30000,'BALANCE SHEET','\r'),
  (30001,'ASSETS','\r'),
  (30002,'FIXED ASSETS','\r'),
  (31000,'Goodwill','Goodwill\r'),
  (31100,'Intangible assets','Other intangible assets\r'),
  (31110,'DEVELOPMENT','Development\r'),
  (31111,'Additions, previous years, development','Development\r'),
  (31112,'Additions, current year, development','Development\r'),
  (31113,'Acc. depreciations, development','Development\r'),
  (31114,'Disposals, development','Development\r'),
  (31115,'WIP development costs','Development WIP\r'),
  (31118,'Development projects','Development\r'),
  (31119,'DEVELOPMENT','Development\r'),
  (31120,'FORMATION','\r'),
  (31121,'Additions, previous years, formation','Formation expenses\r'),
  (31122,'Additions, current year, formation','Formation expenses\r'),
  (31123,'Acc. depreciations, formation','Formation expenses\r'),
  (31124,'Disposals, formation','Formation expenses\r'),
  (31129,'FORMATION','\r'),
  (31130,'SOFTWARE','Software\r'),
  (31131,'Additions, previous years, software','Software\r'),
  (31132,'Additions, current year, software','Software\r'),
  (31133,'Acc. depreciations, software','Software\r'),
  (31134,'Disposals, software','Software\r'),
  (31138,'Software','Software\r'),
  (31139,'SOFTWARE','Software\r'),
  (31140,'GOODWILL','Goodwill\r'),
  (31141,'Additions, previous years, goodwill','Goodwill\r'),
  (31142,'Additions, current year, goodwill','Goodwill\r'),
  (31143,'Acc. depreciations, goodwill','Goodwill\r'),
  (31144,'Disposals, goodwill','Goodwill\r'),
  (31147,'Customer contracts','Customer contracts\r'),
  (31148,'Intercompany investments','Affiliated undertakings\r'),
  (31149,'GOODWILL','Goodwill and customer contracts\r'),
  (31150,'CUSTOMER CONTRACTS','Customer contracts\r'),
  (31151,'Additions, previous years, customer contracts','Customer contracts\r'),
  (31152,'Additions, current years, customer contracts','Customer contracts\r'),
  (31153,'Acc. depreciations, customer contracts','Customer contracts\r'),
  (31154,'Disposals, customer contracts','Customer contracts\r'),
  (31158,'Accumulated depreciations Developments projects','Development\r'),
  (31159,'CUSTOMER CONTRACTS','\r'),
  (31160,'BRAND NAME','Brand name\r'),
  (31161,'Additions, previous years, brand name','Brand name\r'),
  (31162,'Additions, current years, brand name','Brand name\r'),
  (31163,'Acc. depreciations, brand name','Brand name\r'),
  (31164,'Disposals, brand name\t','Brand name\r'),
  (31165,'Accumulated depreciations Software','Software\r'),
  (31168,'Accumulated depreciations Customers contracts','Customer contracts\r'),
  (31169,'BRAND NAME','\r'),
  (31170,'KNOW-HOW','Know how\r'),
  (31171,'Additions, previous years, know-how','Know how\r'),
  (31172,'Additions, current years, know-how','Know how\r'),
  (31173,'Acc. depreciations, know-how','Know how\r'),
  (31174,'Disposals, know-how','Know how\r'),
  (31179,'KNOW-HOW','Know how\r'),
  (31180,'OTHER INTANGIBLE ASSETS','Other intangible assets\r'),
  (31181,'Additions, previous years, other intangible asset','Other intangible assets\r'),
  (31182,'Additions, current years, other intangible asset','Other intangible assets\r'),
  (31183,'Acc. depreciations, other intangible asset','Other intangible assets\r'),
  (31189,'OTHER INTANGIBLE ASSETS','\r'),
  (31190,'Acquisition impairment','Impairment on investments\r'),
  (31199,'Intangible assets','\r'),
  (31200,'Tangible assets','\r'),
  (31210,'HARDWARE','Hardware\r'),
  (31211,'Additions, previous years, hardware','Hardware\r'),
  (31212,'Additions, current year, hardware','Hardware\r'),
  (31213,'Acc. depreciations, hardware','Hardware\r'),
  (31214,'Disposals, hardware','Hardware\r'),
  (31219,'HARDWARE','\r'),
  (31220,'CARS','Cars\r'),
  (31221,'Additions, previous years, Cars','Cars\r'),
  (31222,'Additions, current year, Cars','Cars\r'),
  (31223,'Acc. depreciations, Cars','Cars\r'),
  (31224,'Disposals, Cars','Cars\r'),
  (31229,'CARS','\r'),
  (31230,'FIXTURES AND EQUIPMENT','Fixtures and equipment\r'),
  (31231,'Additions, previous years, F&E','Fixtures and equipment\r'),
  (31232,'Additions, current year, F&E','Fixtures and equipment\r'),
  (31233,'Acc. depreciations, F&E','Fixtures and equipment\r'),
  (31234,'Disposals, F&E','Fixtures and equipment\r'),
  (31239,'FIXTURES AND EQUIPMENT','\r'),
  (31240,'LEASEHOLD IMPROVEMENTS','Leasehold improvements\r'),
  (31241,'Additions, previous years, leasehold','Leasehold improvements\r'),
  (31242,'Additions, current year, leasehold','Leasehold improvements\r'),
  (31243,'Acc. depreciations, leasehold','Leasehold improvements\r'),
  (31244,'Disposals, leasehold','Leasehold improvements\r'),
  (31249,'LEASEHOLD IMPROVEMENTS','\r'),
  (31270,'Small assets hardware (150 ','Hardware\r'),
  (31299,'Tangible assets','\r'),
  (32000,'Financial assets','\r'),
  (32100,'DEPOSITS','Deposits\r'),
  (32110,'Deposits, offices','Deposits\r'),
  (32111,'Deposits, other','Deposits\r'),
  (32112,'Deposits for D G Set( Mach Bangalore)','Deposits\r'),
  (32113,'Deposits for Furniture Hire( Mach Bangalore)','Deposits\r'),
  (32114,'Telephone Deposit','Deposits\r'),
  (32119,'DEPOSITS','\r'),
  (32200,'FINANCIAL INVESTMENTS DK','\r'),
  (32210,'Acquisition costs, MACH Pte Ltd','Investments\r'),
  (32211,'P&L carried forward, MACH Pte Ltd','Investments\r'),
  (32220,'Acquisition costs, MACH Solutions Ltd','Investments\r'),
  (32221,'P&L carried forward, MACH Solutions Ltd','Investments\r'),
  (32230,'Acquisition costs, MACH FZ-LLC','Investments\r'),
  (32231,'P&L carried forward, MACH FZ-LLC','Investments\r'),
  (32240,'Acquisition costs, Cargo Globe','Investments\r'),
  (32241,'P&L carried forward, Cargo Globe','Investments\r'),
  (32250,'Aquisition costs, Dan Net ApS','Investments\r'),
  (32251,'P&L carried forward, Dan Net ApS','Investments\r'),
  (32299,'FINANCIAL INVESTMENTS DK','Investments\r'),
  (32300,'FINANCIAL INVESTMENTS LUX','Investments\r'),
  (32310,'Aquisition costs, MACH Denmark','Investments\r'),
  (32320,'Aquisition costs, MACH Sarl','Investments\r'),
  (32325,'Acquisition costs, MACH Poland','Investments\r'),
  (32330,'Aquisition costs, MACH Asia','Investments\r'),
  (32340,'Aquisition costs, MACH India','Investments\r'),
  (32350,'Aquisition costs, MACH Germany','Investments\r'),
  (32360,'Aquisition costs, MACH USA','Investments\r'),
  (32370,'Aquisition costs, MACH Brazil','Investments\r'),
  (32375,'Acquisition cost RSB','Investments\r'),
  (32380,'Aquisition costs, Interfact S.A.','Investments\r'),
  (32381,'Aquisition costs, Atento','Investments\r'),
  (32391,'Aquisition costs, Globalport S.A.','Investments\r'),
  (32392,'Aquisition costs, MTS','Investments\r'),
  (32393,'Aquisition costs, Finclear Intern Ltd','Investments\r'),
  (32394,'Aquisition costs, WP Roaming V Sarl','Investments\r'),
  (32395,'Aquisition costs, WP Roaming I Sarl','Investments\r'),
  (32396,'CPECs, WP Roaming I Sarl','CPEC\r'),
  (32397,'PECs, WP Roaming I Sarl','PEC\r'),
  (32398,'Acquisition costs, WP Merger Sarl','Investments\r'),
  (32399,'FINANCIAL INVESTMENTS LUX','Investments\r'),
  (32400,'FINANCIAL INVESTMENTS OTHER','Investments\r'),
  (32410,'Aquisition costs, WP Roaming II Sarl','Investments\r'),
  (32411,'CPECs, WP Roaming II Sarl','CPEC\r'),
  (32412,'PECs, WP Roaming II Sarl','PEC\r'),
  (32420,'Aquisition costs, MACH India (ITML)','Investments\r'),
  (32430,'Aquisition costs, MTS (ITML)','Investments\r'),
  (32440,'Aquisition costs, Interfact Sweden','Investments\r'),
  (32450,'Aquisition costs, WP Roaming Denmark','Investments\r'),
  (32460,'Aquisition costs, Midas I','Investments\r'),
  (32465,'Aquisition costs, Midas II','Investments\r'),
  (32470,'Aquisition costs, Advent Mach Sarl','Investments\r'),
  (32480,'Aquisition costs, WP Roaming Sarl','Investments\r'),
  (32481,'CPECs, WP Roaming Sarl','CPEC\r'),
  (32482,'PECs, WP Roaming Sarl','PEC\r'),
  (32490,'Aquisition costs, WP Roaming III Sarl','Investments\r'),
  (32491,'CPECs, WP Roaming III Sarl','CPEC\r'),
  (32492,'Acquisitions costs, End2End','Investments\r'),
  (32493,'Acquisitions costs, Cibernet','Investments\r'),
  (32494,'Acquisition Costs, WP Merger Sarl','Investments\r'),
  (32495,'Acqusition Costs,CB Holdings','Investments\r'),
  (32496,'Acquisition Costs, WP Roaming Holdings','Investments\r'),
  (32497,'Acquisition Costs, Terraplay','Investments\r'),
  (32498,'Acquisition Costs, Link2one','Investments\r'),
  (32499,'FINANCIAL INVESTMENTS OTHER','\r'),
  (32500,'Financial assets','\r'),
  (32501,'Depreciation Provision-A/c','Fixtures and equipment\r'),
  (32502,'Depreciation Provision-F & F','Fixtures and equipment\r'),
  (32503,'Free Assets-Hardware','Hardware\r'),
  (32504,'Free Assets-Fix & Erup','Hardware\r'),
  (32505,'FURNITURE & FIXTURES','Fixtures and equipment\r'),
  (32506,'Additions, Previous Year F & F','Fixtures and equipment\r'),
  (32507,'Additions, Current Year F & F','Fixtures and equipment\r'),
  (32508,'Acc.Depreciation F & F','Fixtures and equipment\r'),
  (32509,'Disposals F & F','Fixtures and equipment\r'),
  (32510,'FURNITURE & FIXTURES','\r'),
  (32999,'FIXED ASSETS','\r'),
  (33000,'CURRENT ASSETS','\r'),
  (33001,'Expenses for Reimbursements','Other receivables\r'),
  (33002,'Gratuity Trust','Other receivables\r'),
  (33003,'Lunch Coupons','Other receivables\r'),
  (33004,'Consumable Stock ','Prepayments\r'),
  (33005,'Food Coupons Stock ','Prepayments\r'),
  (33006,'Stamps','Prepayments\r'),
  (33010,'Receivables','Other receivables\r'),
  (33100,'ACCOUNT RECEIVABLES','Receivable\r'),
  (33110,'A/R Roaming Solutions','Receivable\r'),
  (33120,'A/R Progrator','Receivable\r'),
  (33130,'Accrued income','Accrued income\r'),
  (33140,'Provision for bad debt - specific reserve','Provision for bad debts\r'),
  (33150,'Provision for bad debt - general reserve','Provision for bad debts\r'),
  (33160,'Provision for Credit Notes','Provision for credit notes\r'),
  (33170,'A/R Mach SMS','Receivable\r'),
  (33171,'AR Connectivity','Receivable\r'),
  (33180,'A/R RSB','Receivable\r'),
  (33181,'Accrued Income RSB','RSB - accrued\r'),
  (33199,'ACCOUNT RECEIVABLES','\r'),
  (33200,'Other receivables','Other receivables\r'),
  (33201,'OTHER RECEIVABLES','Other receivables\r'),
  (33209,'Intercompany balances','Affiliated undertakings\r'),
  (33210,'Receivables at affiliated companies','Affiliated undertakings liability\r'),
  (33220,'Advances given to employees','Other receivables\r'),
  (33221,'Travel expense advance','Other receivables\r'),
  (33222,'Advance to Board members','Other receivables\r'),
  (33223,'Advance to suppliers','Other receivables\r'),
  (33230,'Re-invoicing','Other receivables\r'),
  (33235,'Re-invoicing - transport','Other receivables\r'),
  (33240,'Expected credit notes','Provision for bad debts\r'),
  (33245,'Deferred Tax Asset','Deferred tax liability\r'),
  (33250,'Accrued interests receivables','Other receivables\r'),
  (33255,'ApS/PGT receivables','Other receivables\r'),
  (33260,'Other receivables','Other receivables\r'),
  (33299,'OTHER RECEIVABLES','Other receivables\r'),
  (33300,'PREPAYMENTS','Prepayments\r'),
  (33310,'Prepayments (acquisition related)','Prepayments\r'),
  (33320,'Prepayments (loan related)','Prepayments\r'),
  (33330,'Other prepayments','Prepayments\r'),
  (33331,'Prepaid AMC Air Conditioners','Prepayments\r'),
  (33332,'Prepaid AMC Alpha Server','Prepayments\r'),
  (33333,'Prepaid AMC Computers','Prepayments\r'),
  (33334,'Prepaid AMC for UPS','Prepayments\r'),
  (33335,'Prepaid AMC Office Equipments','Prepayments\r'),
  (33336,'Prepaid Expenses','Prepayments\r'),
  (33337,'Prepaid Insurance','Prepayments\r'),
  (33338,'Prepaid Network Expenses','Prepayments\r'),
  (33339,'Prepaid Rent','Prepayments\r'),
  (33340,'Prepaid Subscription','Prepayments\r'),
  (33398,'Prepayments','Prepayments\r'),
  (33399,'PREPAYMENTS','Prepayments\r'),
  (33400,'INTERCOMPANY ACCOUNTS','Affiliated undertakings\r'),
  (33401,'Accrued income','Accrued income\r'),
  (33410,'I/C Advent Midas I','Affiliated undertakings\r'),
  (33411,'I/C Advent Midas II','Affiliated undertakings\r'),
  (33420,'I/C Advent MACH S','Intercompany wpr III level \r'),
  (33430,'I/C MACH S','Intercompany wpr III level \r'),
  (33435,'I/C MACH Poland sp z.o.o.','Intercompany wpr III level \r'),
  (33440,'I/C MACH Asia','Intercompany wpr III level \r'),
  (33450,'I/C MACH India','Intercompany wpr III level \r'),
  (33460,'I/C MACH Germany','Intercompany wpr III level \r'),
  (33465,'I/C MACH Denmark','Intercompany wpr III level \r'),
  (33470,'I/C MACH USA','Intercompany wpr III level \r'),
  (33480,'I/C MACH Brazil','Intercompany wpr III level \r'),
  (33490,'I/C Interfact S.A.','Intercompany wpr III level \r'),
  (33500,'I/C Interfact Sweden','Affiliated undertakings\r'),
  (33501,'Other receivables','Affiliated undertakings\r'),
  (33510,'I/C End2End VAS ApS','Intercompany wpr III level \r'),
  (33515,'I/C End2End Connectivity ApS','Intercompany wpr III level \r'),
  (33516,'I/C End2End VAS Ltd.','Intercompany wpr III level \r'),
  (33517,'I/C End2End Connectivity GMBH','Intercompany wpr III level \r'),
  (33520,'I/C Globalport LUX','Intercompany wpr III level \r'),
  (33530,'I/C Globalport Belgium','Affiliated undertakings\r'),
  (33540,'I/C ITML','Intercompany wpr III level \r'),
  (33550,'I/C MTS','Intercompany wpr III level \r'),
  (33560,'I/C FinClear','Affiliated undertakings\r'),
  (33570,'I/C MACH ApS','Intercompany wpr III level \r'),
  (33580,'I/C MACH Pte Ltd','Intercompany wpr III level \r'),
  (33590,'I/C MACH FZ-LLC','Intercompany wpr III level \r'),
  (33600,'I/C MACH Solutions Ltd.','Intercompany wpr III level \r'),
  (33610,'I/C MACH Russia','Intercompany wpr III level \r'),
  (33620,'I/C WP Roaming Denmark','Intercompany wpr III level \r'),
  (33630,'I/C WP Roaming I Sarl','Intercompany wpr III level \r'),
  (33640,'I/C WP Roaming Sarl','Affiliated undertakings\r'),
  (33650,'I/C WP Roaming III Sarl','Intercompany wpr III level \r'),
  (33660,'I/C WP Roaming V Sarl','Intercompany wpr III level \r'),
  (33670,'I/C WP Roaming IV Sarl','Affiliated undertakings\r'),
  (33680,'I/C WP Roaming II Sarl','Affiliated undertakings\r'),
  (33681,'I/C CB Holdings','Intercompany wpr III level \r'),
  (33682,'I/C Cibernet Corporation','Intercompany wpr III level \r'),
  (33683,'I/C Trans Cibernet Cyprus','Intercompany wpr III level \r'),
  (33684,'I/C Cibernet PLC','Intercompany wpr III level \r'),
  (33685,'I/C Trans Cibernet India','Intercompany wpr III level \r'),
  (33686,'I/C Cyprus Holdings','Intercompany wpr III level \r'),
  (33687,'I/C WP Merger Sarl','Intercompany wpr III level \r'),
  (33688,'I/C President Merger Sub','Affiliated undertakings\r'),
  (33689,'I/C WP Roaming Holdings S.A','Affiliated undertakings\r'),
  (33690,'I/C WP Roaming Holdings','Affiliated undertakings\r'),
  (33691,'I/C  Progrator|gatetrade','Intercompany wpr III level \r'),
  (33692,'I/C Terraplay Systems AB','Intercompany wpr III level \r'),
  (33693,'I/C Atento','Intercompany wpr III level \r'),
  (33694,'I/C Link2One','Intercompany wpr III level \r'),
  (33695,'I/C RSB','Affiliated undertakings\r'),
  (33699,'OLD INTERCOMPANY ACCOUNTS','\r'),
  (33700,'INTERCOMPANY ACCOUNTS','\r'),
  (33701,'I/C Advent Midas I','\r'),
  (33702,'I/C Advent Midas II','\r'),
  (33703,'I/C Advent MACH S','Intercompany wpr III level \r'),
  (33704,'I/C MACH S','Intercompany wpr III level \r'),
  (33705,'I/C MACH Poland sp z.o.o.','Intercompany wpr III level \r'),
  (33706,'I/C MACH Asia','Intercompany wpr III level \r'),
  (33707,'I/C MACH India','Intercompany wpr III level \r'),
  (33708,'I/C MACH Germany','Intercompany wpr III level \r'),
  (33709,'I/C MACH Denmark','Intercompany wpr III level \r'),
  (33710,'I/C MACH USA','Intercompany wpr III level \r'),
  (33711,'I/C MACH Brazil','Intercompany wpr III level \r'),
  (33712,'I/C Interfact S.A.','Intercompany wpr III level \r'),
  (33713,'I/C Interfact Sweden','Affiliated undertakings\r'),
  (33714,'I/C End2End VAS ApS','Intercompany wpr III level \r'),
  (33715,'I/C End2End Connectivity ApS','Intercompany wpr III level \r'),
  (33716,'I/C End2End VAS Ltd.','Intercompany wpr III level \r'),
  (33717,'I/C End2End Connectivity GMBH','Intercompany wpr III level \r'),
  (33718,'I/C Globalport LUX','Intercompany wpr III level \r'),
  (33719,'I/C Globalport Belgium','Affiliated undertakings\r'),
  (33720,'I/C ITML','Intercompany wpr III level \r'),
  (33721,'I/C MTS','Intercompany wpr III level \r'),
  (33722,'I/C FinClear','Affiliated undertakings\r'),
  (33723,'I/C MACH ApS','Intercompany wpr III level \r'),
  (33724,'I/C MACH Pte Ltd','Intercompany wpr III level \r'),
  (33725,'I/C MACH FZ-LLC','Intercompany wpr III level \r'),
  (33726,'I/C MACH Solutions Ltd.','Intercompany wpr III level \r'),
  (33727,'I/C MACH Russia','Intercompany wpr III level \r'),
  (33728,'I/C WP Roaming Denmark','Intercompany wpr III level \r'),
  (33729,'I/C WP Roaming I Sarl','Intercompany wpr III level \r'),
  (33730,'I/C WP Roaming Sarl','Affiliated undertakings\r'),
  (33731,'I/C WP Roaming III Sarl','Intercompany wpr III level \r'),
  (33732,'I/C WP Roaming V Sarl','Intercompany wpr III level \r'),
  (33733,'I/C WP Roaming IV Sarl','Affiliated undertakings\r'),
  (33734,'I/C WP Roaming II Sarl','Affiliated undertakings\r'),
  (33735,'I/C CB Holdings','Intercompany wpr III level \r'),
  (33736,'I/C Cibernet Corporation','Intercompany wpr III level \r'),
  (33737,'I/C Trans Cibernet Cyprus','Intercompany wpr III level \r'),
  (33738,'I/C Cibernet PLC','Intercompany wpr III level \r'),
  (33739,'I/C Trans Cibernet India','Intercompany wpr III level \r'),
  (33740,'I/C Cyprus Holdings','Intercompany wpr III level \r'),
  (33741,'I/C WP Merger Sarl','Intercompany wpr III level \r'),
  (33742,'I/C President Merger Sub','Affiliated undertakings\r'),
  (33743,'I/C WP Roaming Holdings S.A','Affiliated undertakings\r'),
  (33744,'I/C WP Roaming Holdings','Affiliated undertakings\r'),
  (33745,'I/C  Progrator|gatetrade','Intercompany wpr III level \r'),
  (33746,'I/C Terraplay Systems AB','Intercompany wpr III level \r'),
  (33747,'I/C Atento','Intercompany wpr III level \r'),
  (33748,'I/C Link2One','Intercompany wpr III level \r'),
  (33749,'I/C RSB','Affiliated undertakings\r'),
  (33799,'INTERCOMPANY ACCOUNTS','\r'),
  (33899,'INTERCOMPANY ACCOUNTS','\r'),
  (33998,'Other receivables','Other long term receivables\r'),
  (33999,'Receivables','Receivable\r'),
  (34000,'Cash and bank deposits','Cash and bank\r'),
  (34010,'BANKS','Cash and bank\r'),
  (34011,'Cash and Bank','Cash and bank\r'),
  (34100,'Danske Bank DKK','Cash and bank\r'),
  (34101,'Danske Bank DKK (E2E) # 3001941704','Cash and bank\r'),
  (34102,'Danske Bank EUR (E2E) # 3001961373','Cash and bank\r'),
  (34103,'Danske Bank GBP (E2E) # 3001278959','Cash and bank\r'),
  (34104,'Danske Bank DKK (E2E) # 3100101823','Cash and bank\r'),
  (34105,'Danske Bank EUR (E2E) # 3100102749','Cash and bank\r'),
  (34106,'Danske Bank DKK (E2E) # 3020159952','Cash and bank\r'),
  (34107,'Danske Bank DKK (E2E) # 3020134453','Cash and bank\r'),
  (34108,'Danske Bank # 4989061607','Cash and bank\r'),
  (34109,'Danske Bank USD (3345650377)','Cash and bank\r'),
  (34110,'Danske Bank EUR','Cash and bank\r'),
  (34111,'Danske Bank EUR (Cash Pool)','Cash and bank\r'),
  (34112,'Danske Bank DKK (E2E) # 3001516000','Cash and bank\r'),
  (34113,'Danske Bank EUR (E2E) # 3001516019','Cash and bank\r'),
  (34114,'Danske Bank EUR (E2E) # 4989061682','Cash and bank\r'),
  (34115,'Danske Bank EUR (E2E) # 3001564943','Cash and bank\r'),
  (34116,'Nordea Bank DKK (E2E) # 2149-5905150385','Cash and bank\r'),
  (34117,'Nordea Bank EUR (E2E) # 2149-5005988529','Cash and bank\r'),
  (34118,'Sparkasse EUR (E2E) # 5003923','Cash and bank\r'),
  (34119,'Danske Bank EUR (3345-603794)','Cash and bank\r'),
  (34120,'Danske Bank USD','Cash and bank\r'),
  (34121,'Danske Bank GBP','Cash and bank\r'),
  (34122,'Danske Bank PLN','Cash and bank\r'),
  (34123,'JP Morgan Chase USD','Cash and bank\r'),
  (34124,'JP Morgan Chase EUR','Cash and bank\r'),
  (34125,'JP Morgan Chase GBP','Cash and bank\r'),
  (34126,'Danske Bank DKK # 4073000041','Cash and bank\r'),
  (34127,'Danske Bank GBP #4073003083','Cash and bank\r'),
  (34128,'HDFC Bank INR #05230350001066','Cash and bank\r'),
  (34130,'Cash in transfer','Cash and bank\r'),
  (34131,'Danske Bank (E2E) - TDC guarantee # 3345601465','Cash and bank\r'),
  (34132,'Danske Bank - 3001-940228 (DRIFT)','Cash and bank\r'),
  (34133,'Danske Bank - 3001-957260 (AR)','Cash and bank\r'),
  (34134,'Danske Bank - 3001-545140 (Smart)','Cash and bank\r'),
  (34210,'Banque Invik EUR','Cash and bank\r'),
  (34220,'Banque Invik USD','Cash and bank\r'),
  (34240,'Banque Invik NOK','Cash and bank\r'),
  (34251,'Deutche Bank (E2E) # 061167300','Cash and bank\r'),
  (34252,'Danske Bank (E2E) # 4989061607','Cash and bank\r'),
  (34253,'SEB Bank SEK (E2E) - Deposit Account','Cash and bank\r'),
  (34254,'SEB Bank SEK (E2E) - Trade Account','Cash and bank\r'),
  (34310,'BCEE EUR','Cash and bank\r'),
  (34320,'BCEE USD','Cash and bank\r'),
  (34340,'Magellan BCEE EUR','Cash and bank\r'),
  (34360,'JP Morgan Chase (Chase EUR Receipts A/c)','Cash and bank\r'),
  (34361,'JP Morgan Chase (Chase GBP Receipts A/c)','Cash and bank\r'),
  (34362,'JP Morgan Chase (Chase Settlement Fees Account)','Cash and bank\r'),
  (34363,'JP Morgan Chase (Chase USD Settlement Fees Acc.)','Cash and bank\r'),
  (34364,'Lloyds TSB (Lloyds Current Account)','Cash and bank\r'),
  (34365,'Lloyds TSB (Lloyds Deposit Account)','Cash and bank\r'),
  (34366,'Lloyds TSB (Lloyds Premier Interest Account)','Cash and bank\r'),
  (34367,'Lloyds TSB (Lloyds US Dollar Account)','Cash and bank\r'),
  (34410,'Societe Generale EUR','Cash and bank\r'),
  (34411,'Societe Generale SEK','Cash and bank\r'),
  (34420,'Societe Generale USD','Cash and bank\r'),
  (34430,'Societe Generale GBP','Cash and bank\r'),
  (34440,'Societe Generale RUB','Cash and bank\r'),
  (34441,'Societe Generale RUB, Corp Card','Cash and bank\r'),
  (34450,'Societe Generale SGD','Cash and bank\r'),
  (34451,'Societe Generale DKK','Cash and bank\r'),
  (34500,'Deutsche Bank GBP','Cash and bank\r'),
  (34510,'Deutche Bank EUR','Cash and bank\r'),
  (34511,'Deutsche Bank# 061167300','Cash and bank\r'),
  (34515,'Deutche Bank USD','Cash and bank\r'),
  (34520,'Deutche Bank INR','Cash and bank\r'),
  (34521,'Deutsche Bank-Dividend','Cash and bank\r'),
  (34522,'HDFC Bank','Cash and bank\r'),
  (34523,'Fixed Deposit','Cash and bank\r'),
  (34550,'State bank of India INR','Cash and bank\r'),
  (34551,'OBC Bank INR','Cash and bank\r'),
  (34552,'Deutsche Bank ,Mumbai(Transcibernet)','Cash and bank\r'),
  (34553,'Deutsche Bank ,Singapore(Transcibernet)','Cash and bank\r'),
  (34554,'ICICI Bank INR (Transcibernet)','Cash and bank\r'),
  (34555,'HDFC Bank INR (Transcibernet)','Cash and bank\r'),
  (34556,'Merrill Lynch ( CB Holdings-1011730-5AX07130)','Cash and bank\r'),
  (34557,'Merrill Lynch ( Cibernet Corporation-1011730-5AX07120','Cash and bank\r'),
  (34558,'Wachovia Bank (Cibernet Corporation-2066701764593)','Cash and bank\r'),
  (34559,'Wachovia Bank (Cibernet Corporation-2000033037488)','Cash and bank\r'),
  (34560,'DBS Bank SGD','Cash and bank\r'),
  (34561,'HSBC SGD','Cash and bank\r'),
  (34562,'HSBC USD','Cash and bank\r'),
  (34563,'Wachovia Bank (Cibernet Corporation-04-039-123-0057423)','Cash and bank\r'),
  (34564,'Wachovia Bank #6832 (Cibernet Corporation)','Cash and bank\r'),
  (34565,'Merrill Lynch - CCT Dispute','Cash and bank\r'),
  (34566,'Deutsche Bank Singapore USD','Cash and bank\r'),
  (34570,'Citibank EUR','Cash and bank\r'),
  (34571,'Citibank USD','Cash and bank\r'),
  (34572,'Citibank AED','Cash and bank\r'),
  (34573,'Merrill Lynch (Mach RSB -5AX-02551)','Cash and bank\r'),
  (34580,'Sparkasse Trier EUR','Cash and bank\r'),
  (34581,'BBL EUR','Cash and bank\r'),
  (34582,'Banco Real USD','Cash and bank\r'),
  (34583,'Citibank Egypt','Cash and bank\r'),
  (34584,'NSGB Bank','Cash and bank\r'),
  (34590,'Time Deposit','Cash and bank\r'),
  (34591,'ING','Cash and bank\r'),
  (34592,'Earnmore Deposit','Cash and bank\r'),
  (34593,'Margin on BG','Cash and bank\r'),
  (34594,'L20 Cash & Bank Account','Cash and bank\r'),
  (34599,'BANKS','Cash and bank\r'),
  (35000,'PETTY CASH (DK)','Cash and bank\r'),
  (35010,'Cash DKK','Cash and bank\r'),
  (35015,'Cash DKK - Canteen','Cash and bank\r'),
  (35020,'Cash EUR','Cash and bank\r'),
  (35030,'Cash USD','Cash and bank\r'),
  (35040,'Cash GBP','Cash and bank\r'),
  (35045,'Cash SEK','Cash and bank\r'),
  (35050,'Cash CHF','Cash and bank\r'),
  (35055,'Cash RUB','Cash and bank\r'),
  (35060,'Cash NOK','Cash and bank\r'),
  (35070,'Cash ISK','Cash and bank\r'),
  (35080,'Cash EGP','Cash and bank\r'),
  (35090,'Cash SGD','Cash and bank\r'),
  (35100,'Cash HUF','Cash and bank\r'),
  (35110,'Cash CAD','Cash and bank\r'),
  (35120,'Cash CZK','Cash and bank\r'),
  (35130,'Cash UAH','Cash and bank\r'),
  (35140,'Cash SYP','Cash and bank\r'),
  (35150,'Cash LBP','Cash and bank\r'),
  (35160,'Cash EEK','Cash and bank\r'),
  (35170,'Cash BIM','Cash and bank\r'),
  (35180,'Cash AED','Cash and bank\r'),
  (35185,'Cash YUN','Cash and bank\r'),
  (35190,'Cash MTL','Cash and bank\r'),
  (35191,'Cash INR','Cash and bank\r'),
  (35192,'Cash Foreign Exchange','Cash and bank\r'),
  (35199,'PETTY CASH (DK)','Cash and bank\r'),
  (35200,'Bank','Cash and bank\r'),
  (35201,'Bank - EUR','Cash and bank\r'),
  (35202,'Bank - USD','Cash and bank\r'),
  (35203,'Bank - GBP','Cash and bank\r'),
  (35204,'Bank - AED','Cash and bank\r'),
  (35205,'Bank - SGD','Cash and bank\r'),
  (35206,'Bank - NOK','Cash and bank\r'),
  (35207,'Bank - INR','Cash and bank\r'),
  (35208,'Bank - DKK','Cash and bank\r'),
  (35209,'Bank - NZD','Cash and bank\r'),
  (35210,'Bank - SEK','Cash and bank\r'),
  (35999,'Cash and bank deposits','Cash and bank\r'),
  (39900,'CURRENT ASSETS','\r'),
  (39990,'ASSETS','\r'),
  (40000,'LIABILITIES','\r'),
  (40001,'EQUITY','\r'),
  (40100,'SHARE CAPITAL','Share capital\r'),
  (40110,'Share capital','Share capital\r'),
  (40199,'SHARE CAPITAL','Share capital\r'),
  (41000,'SHARE PREMIUM','Share capital\r'),
  (41010,'Prior year RE pre-aquisition','Retained earnings\r'),
  (41011,'Share premium','Share capital\r'),
  (41012,'CPEC','CPEC\r'),
  (41013,'PEC','PEC\r'),
  (41014,'Legal Reserve','Retained earnings\r'),
  (41999,'SHARE PREMIUM','Share capital\r'),
  (42000,'RETAINED EARNINGS','Retained earnings\r'),
  (42010,'P&L from current year','Retained earnings\r'),
  (42020,'P&L from previous years','Retained earnings\r'),
  (42025,'Foreign currency translation reserve','Currency translation reserve\r'),
  (42040,'Net Wealth Tax Reserve','Retained earnings\r'),
  (42050,'Less: dividends','Retained earnings\r'),
  (42080,'Capital Redemption Reserve','Retained earnings\r');

COMMIT;

#
# Data for the `import` table  (LIMIT 1000,500)
#

INSERT INTO `import` (`ax_account`, `accountname`, `MAPPING`) VALUES 
  (42999,'RETAINED EARNINGS','Retained earnings\r'),
  (49999,'EQUITY','\r'),
  (51000,'PROVISIONS','Other provisions\r'),
  (51100,'Provision for litigation','Provision litigations\r'),
  (51200,'Provision for deferred tax','Deferred tax liability\r'),
  (51250,'Provision for potential price reduction','Provision Potential price reductions\r'),
  (51300,'Other provisions','Other provisions\r'),
  (51301,'Provision for FBT','Other provisions\r'),
  (51302,'Provision for Retirement Benefits','Other provisions\r'),
  (51303,'Provision for Tax Previous Year','Corporate tax liability\r'),
  (51304,'Lease Rent Equalisation Reserve','Other provisions\r'),
  (51305,'Provision for restructuring','Other provisions\r'),
  (51999,'PROVISIONS','Other provisions\r'),
  (52099,'LONG-TERM OBLIGATIONS','Long term indebtedness\r'),
  (52100,'Loan > 1 years','Long term indebtedness\r'),
  (52150,'Accrued interests long term loan','Bank loan\r'),
  (52200,'I/C Loan MACH ApS - Advent MACH Sarl','Intercompany loan\r'),
  (52201,'I/C Loan WP R I - Advent MACH Sarl','Intercompany loan\r'),
  (52202,'I/C Loan MACH Sarl - Advent MACH Sarl','Intercompany loan\r'),
  (52203,'I/C Loan MACH Sarl - MACH Denmark','Intercompany loan\r'),
  (52204,'I/C Loan MACH Sarl - WP R DK','Intercompany loan\r'),
  (52205,'I/C Loan WP R III - WP R I','Intercompany loan\r'),
  (52206,'PEC receivable (principal)','Shareholder loan\r'),
  (52207,'PEC payable (principal)','Shareholder loan\r'),
  (52208,'CPEC receivable (principal)','Shareholder loan\r'),
  (52209,'CPEC payable (principal)','Shareholder loan\r'),
  (52210,'PEC receivable (interest)','Shareholder loan interest\r'),
  (52211,'PEC payable (interest)','Shareholder loan interest\r'),
  (52212,'CPEC receivable (interest)','Shareholder loan interest\r'),
  (52213,'CPEC payable (interest)','Shareholder loan interest\r'),
  (52214,'I/C Loan WP I ','Intercompany loan\r'),
  (52215,'I/C Loan WPR I ','Intercompany loan\r'),
  (52216,'I/C Loan WP Roaming Denmark ','Intercompany loan\r'),
  (52217,'I/C Loan CB Holding ','Intercompany loan\r'),
  (52218,'I/C Loan WPR I ? WP Merger','Intercompany loan\r'),
  (52219,'I/C LOAN WP R V- E2E VAS APS','Intercompany loan\r'),
  (52220,'I/C Loan Interfact - Mach Sarl','Intercompany loan\r'),
  (52221,'I/C Loan Mach Solution - Mach Sarl','Intercompany loan\r'),
  (52222,'I/C Loan Mach USA - Mach Sarl','Intercompany loan\r'),
  (52223,'I/C Loan Mach USA - CB Holdings','Intercompany loan\r'),
  (52224,'I/C Loan WP R V - WP R III','Intercompany loan\r'),
  (52300,'Other long-term payables','Other long term payables\r'),
  (52301,'Shareholder loan','Shareholder loan\r'),
  (52302,'Long term portion of prepaid loan costs','Prepaid loan costs\r'),
  (52303,'Longterm PIK interests','Interest accrual\r'),
  (52310,'Loan from affiliated companies','Intercompany loan\r'),
  (52369,'Employee Annual Contri to Chambre des salaries','Social and security tax\r'),
  (52399,'LONG-TERM OBLIGATIONS','\r'),
  (52400,'SHORT-TERM OBLIGATIONS','\r'),
  (52500,'SHORT-TERM LOANS','\r'),
  (52510,'Loan < 1 years','Short term indebtedness\r'),
  (52520,'Short-term loan from Advent MACH','Intercompany loan\r'),
  (52530,'Short-term loan from Societe Generale','Intercompany loan\r'),
  (52531,'Current portion of prepaid loan costs','Short term prepaid loan costs\r'),
  (52699,'SHORT-TERM LOANS','Other provisions\r'),
  (52800,'Share Application Money','Shareholder loan\r'),
  (53100,'TRADE ACCCOUNTS PAYABLE','Trade accounts payable\r'),
  (53110,'A/P EUR','Trade accounts payable\r'),
  (53120,'A/P DKK','Trade accounts payable\r'),
  (53130,'A/P USD','Trade accounts payable\r'),
  (53135,'A/P GBP','Trade accounts payable\r'),
  (53140,'A/P INR','Trade accounts payable\r'),
  (53150,'A/P Other currencies','Trade accounts payable\r'),
  (53155,'L2O Accounts Payable','Trade accounts payable\r'),
  (53160,'Invoice received - not booked','Trade accounts payable\r'),
  (53161,'Forreg modkonto','Trade accounts payable\r'),
  (53162,'Interest Payable','Interest accrual\r'),
  (53163,'Marketing Advisory Fee Payable','Trade accounts payable\r'),
  (53164,'R & D Fee Payable','Trade accounts payable\r'),
  (53165,'Advance Billing to Customers','Deferred income\r'),
  (53170,'Expected credit notes','Trade accounts payable\r'),
  (53199,'TRADE ACCCOUNTS PAYABLE','\r'),
  (53200,'VAT AND OTHER CHARGES','\r'),
  (53210,'Output VAT','VAT\r'),
  (53211,'Input VAT','VAT\r'),
  (53212,'Input VAT (8%) NOR','VAT\r'),
  (53215,'Non Lux VAT Recoverable','VAT\r'),
  (53220,'Import VAT (credit)','VAT\r'),
  (53221,'Import VAT (debit)','VAT\r'),
  (53230,'EU supplier VAT (credit)','VAT\r'),
  (53231,'EU supplier VAT (debit)','VAT\r'),
  (53235,'Monthly VAT prepaid VAT','VAT\r'),
  (53240,'Canteen VAT','VAT\r'),
  (53250,'VAT on purchases intracommunit','VAT\r'),
  (53251,'VAT on purchases intracommunit (Debit)','VAT asset\r'),
  (53260,'Electricity duties','VAT\r'),
  (53270,'CO2 duties','VAT\r'),
  (53280,'VAT settlement','VAT\r'),
  (53281,'Education Cess','VAT\r'),
  (53282,'Service Tax Payable','VAT\r'),
  (53283,'Service Tax recovered','VAT\r'),
  (53284,'Current account VAT Administration','VAT\r'),
  (53299,'VAT AND OTHER CHARGES','\r'),
  (53300,'TAXES AND OTHER CONTRIBUTIONS','General accruals\r'),
  (53305,'Corporate income tax','Corporate tax liability\r'),
  (53306,'MAT Credit (Asset)','Corporate tax liability\r'),
  (53307,'Accrued income tax','Corporate tax liability\r'),
  (53308,'Accrued income tax, Group companies','Corporate tax liability\r'),
  (53310,'Prepaid corporate income tax','Corporate tax liability\r'),
  (53311,'EDLI Charges Payable','Social and security tax\r'),
  (53312,'ESI Payable','Social and security tax\r'),
  (53313,'PF Admin Charges Payable','Social and security tax\r'),
  (53314,'VAT Payable','VAT\r'),
  (53315,'Corporate income tax re customers','Corporate tax liability\r'),
  (53320,'Dividend tax paid','Corporate tax liability\r'),
  (53325,'Holiday Accrual current year','Holliday accruals\r'),
  (53326,'Holiday Accrual current year -1','Holliday accruals\r'),
  (53327,'Holiday Accrual current year -2','Holliday accruals\r'),
  (53330,'Settlement of holiday accruals to external parties','Holliday accruals\r'),
  (53335,'Social security contribution','Social and security tax\r'),
  (53340,'ATP payable','Social and security tax\r'),
  (53345,'Income tax on salaries','Social and security tax\r'),
  (53346,'Social tax','Social and security tax\r'),
  (53347,'AM contribution','Social and security tax\r'),
  (53348,'SP contribution','Social and security tax\r'),
  (53349,'Profession Tax','Social and security tax\r'),
  (53350,'Proposed Dividend','General accruals\r'),
  (53351,'TDS Rent','General accruals\r'),
  (53352,'TDS Advertisements','General accruals\r'),
  (53353,'TDS Consultants','General accruals\r'),
  (53354,'TDS Contractors','General accruals\r'),
  (53355,'Net salaries and pension payable','Salary payable\r'),
  (53356,'TDS Dividends','General accruals\r'),
  (53357,'TDS Recovered','Corporate tax liability\r'),
  (53358,'Edn.Cess - Credit','VAT\r'),
  (53359,'Secondary Edu.Cess Credit','VAT\r'),
  (53360,'Secondary Education Cess Payable','VAT\r'),
  (53361,'TDS on Interest','General accruals\r'),
  (53362,'TDS U/s 195','General accruals\r'),
  (53363,'Advance FBT 2006-07','General accruals\r'),
  (53364,'Advance FBT 2007-08','General accruals\r'),
  (53365,'TDS On Commission','General accruals\r'),
  (53399,'TAXES AND OTHER CONTRIBUTIONS','\r'),
  (53400,'COST ACCRUALS','\r'),
  (53405,'Accrued commission','Sales commission accrual\r'),
  (53406,'Sales Commision(internal accrual)','Sales commission accrual\r'),
  (53410,'Accrued salaries','Salary payable\r'),
  (53420,'Accrued bonus','Bonus accrual\r'),
  (53430,'Accrued for dismissals','General accruals\r'),
  (53440,'Accrued for heating and electricity','General accruals\r'),
  (53450,'Accrued insurance','General accruals\r'),
  (53460,'Accrued interests','Interest accrual\r'),
  (53470,'Other payables','General accruals\r'),
  (53471,'Labour Welfare Fund','General accruals\r'),
  (53475,'Item in transit','General accruals\r'),
  (53480,'Other cost accruals','General accruals\r'),
  (53481,'Provision for LTC','General accruals\r'),
  (53482,'Customer Deposits (treated as Current Liability)','General accruals\r'),
  (53498,'General accruals','General accruals\r'),
  (53499,'COST ACCRUALS','General accruals\r'),
  (53500,'OTHER ACCRUALS','\r'),
  (53510,'Pre-invoiced revenue','Deferred income\r'),
  (53520,'Provision for credit notes','Provision for credit notes\r'),
  (53521,'LTA Payable','General accruals\r'),
  (53522,'Deferred income','Deferred income\r'),
  (53530,'Provision for potential price reduction','Provision potential price reductions\r'),
  (53550,'SWAP - Deffered income','SWAP\r'),
  (53599,'OTHER ACCRUALS','\r'),
  (53610,'Deferred tax liability','Deferred tax liability\r'),
  (53611,'Deferred tax asset','Deferred tax asset\r'),
  (53700,'Corporate Taxes - CT payable','Corporate tax liability\r'),
  (53701,'Corporate Taxes - Prior year tax charge','Corporate tax liability\r'),
  (53702,'Corporate Taxes - Current year tax charge','Corporate tax liability\r'),
  (53703,'Corporate Taxes - Tax Payments/Refunds','Corporate tax liability\r'),
  (53704,'Corporate Taxes - Transfers','Corporate tax liability\r'),
  (53705,'Corporate Taxes - Reserve Movements','Corporate tax liability\r'),
  (53710,'WHT - WHT payable b/fwd','Witholding tax liability\r'),
  (53711,'WHT - Prior year tax charge','Witholding tax liability\r'),
  (53712,'WHT - Current year tax charge','Witholding tax liability\r'),
  (53713,'WHT - Tax Payments/Refunds','Witholding tax liability\r'),
  (53714,'WHT - Transfers','Witholding tax liability\r'),
  (53715,'WHT - Reserve Movements','Witholding tax liability\r'),
  (53720,'Deferred Tax - DT provision b/fwd','Deferred tax liability\r'),
  (53721,'Deferred Tax - Prior year tax charge','Deferred tax liability\r'),
  (53722,'Deferred Tax - Current year tax charge','Deferred tax liability\r'),
  (53724,'Deferred Tax - Transfers','Deferred tax liability\r'),
  (53725,'Deferred Tax - Reserve Movements','Deferred tax liability\r'),
  (54000,'Short term loan','Bank loan\r'),
  (54010,'Short term portion loan costs','Bank loan\r'),
  (55000,'Long term loan','Bank loan\r'),
  (55010,'Long term portion of loan costs','Bank loan\r'),
  (55355,'Salary advance','Prepayments\r'),
  (60000,'Share capital','Share capital\r'),
  (61000,'EMPLOYEES (DK)','General accruals\r'),
  (61006,'Share premium','Share capital\r'),
  (61020,'Foreign currency translations reserve - equity','General reserves\r'),
  (61100,'Kunstklub','General accruals\r'),
  (61101,'The Grape','General accruals\r'),
  (61200,'Pomfit''erne','General accruals\r'),
  (61300,'Haatetepe','General accruals\r'),
  (61400,'Request games','General accruals\r'),
  (61500,'Adventure','General accruals\r'),
  (61600,'Badminton','General accruals\r'),
  (61700,'Paraplyen','General accruals\r'),
  (61800,'Fodbold','General accruals\r'),
  (61900,'DNIF','General accruals\r'),
  (62000,'Golf','General accruals\r'),
  (62001,'Foreign currency translations reserve - equity','General reserves\r'),
  (62020,'Foreign currency translations reserve - equity','General reserves\r'),
  (62100,'Bowling','General accruals\r'),
  (62200,'Squash','General accruals\r'),
  (62201,'MPMS, MACH Progrator Music Society','General accruals\r'),
  (62300,'FitFight','General accruals\r'),
  (62999,'EMPLOYEES (DK)','General accruals\r'),
  (65999,'SHORT-TERM OBLIGATIONS','\r'),
  (66000,'LIABILITIES','\r'),
  (66001,'Settling of accounts','Trade accounts payable\r'),
  (68000,'SALARY ACCOUNTS','\r'),
  (68010,'Reversal account, salary','General accruals\r'),
  (68020,'AM-income','General accruals\r'),
  (68030,'AM-free income','General accruals\r'),
  (68110,'ATP Employee','General accruals\r'),
  (68120,'Pension employee','General accruals\r'),
  (68210,'Taxable car employee','General accruals\r'),
  (68220,'AMBI - fri telefon','General accruals\r'),
  (68810,'Credit: employee paid vaccation money','General accruals\r'),
  (68811,'Debit: employee paid vaccation money','General accruals\r'),
  (68820,'Debit: Non Taxable vaccation money','General accruals\r'),
  (68821,'Credit: Non Taxable vaccation money','General accruals\r'),
  (68999,'Salary accounts','General accruals\r'),
  (88802,'ERROR ACCOUNTS','General accruals\r'),
  (88887,'Error account - salary modul','General accruals\r'),
  (88888,'Error account - 2','General accruals\r'),
  (88889,'Error account','General accruals\r'),
  (89997,'','Minority interest PL\r'),
  (89998,'','Hedge Reserve\r'),
  (89999,'','Minority interest\r'),
  (99900,'Faced out accounts','General accruals\r'),
  (9999999,'Opening Balance( Data Migration)','General accruals\r'),
  (99999997,'Konvertering kredit','General accruals\r'),
  (99999998,'Konvertering debet','General accruals\r'),
  (99999999,'Error account','General accruals\r');

COMMIT;

#
# Data for the `reporting_period` table  (LIMIT 0,500)
#

INSERT INTO `reporting_period` (`id`, `description`) VALUES 
  (1,'15 Mar'),
  (2,'20 Nov'),
  (3,'DECEMBER 2011'),
  (4,'DECEMBER 2012'),
  (5,'rrr');

COMMIT;

